0,HydroRoR,AT12,0.22
0,HydroRoR,AT13,0.22
0,HydroRoR,AT21,0.22
0,HydroRoR,AT22,0.22
0,HydroRoR,AT31,0.22
0,HydroRoR,AT32,0.22
0,HydroRoR,AT33,0.22
0,HydroRoR,AT34,0.22
0,HydroRoR,BE33,0.47
0,HydroRoR,BE35,0.47
0,HydroRoR,BG34,0.09
0,HydroRoR,CH01,0.12
0,HydroRoR,CH02,0.12
0,HydroRoR,CH03,0.12
0,HydroRoR,CH04,0.12
0,HydroRoR,CH05,0.12
0,HydroRoR,CH06,0.12
0,HydroRoR,CH07,0.12
0,HydroRoR,CZ02,0.38
0,HydroRoR,CZ04,0.38
0,HydroRoR,DE11,0.53
0,HydroRoR,DE12,0.53
0,HydroRoR,DE13,0.53
0,HydroRoR,DE14,0.53
0,HydroRoR,DE21,0.53
0,HydroRoR,DE22,0.53
0,HydroRoR,DE23,0.53
0,HydroRoR,DE24,0.53
0,HydroRoR,DE25,0.53
0,HydroRoR,DE26,0.53
0,HydroRoR,DE27,0.53
0,HydroRoR,DE40,0.53
0,HydroRoR,DE50,0.53
0,HydroRoR,DE60,0.53
0,HydroRoR,DE71,0.53
0,HydroRoR,DE72,0.53
0,HydroRoR,DE73,0.53
0,HydroRoR,DE80,0.53
0,HydroRoR,DE91,0.53
0,HydroRoR,DE92,0.53
0,HydroRoR,DEA1,0.53
0,HydroRoR,DEA2,0.53
0,HydroRoR,DEA4,0.53
0,HydroRoR,DEA5,0.53
0,HydroRoR,DEB1,0.53
0,HydroRoR,DEB2,0.53
0,HydroRoR,DEB3,0.53
0,HydroRoR,DED2,0.53
0,HydroRoR,DED4,0.53
0,HydroRoR,DED5,0.53
0,HydroRoR,DEE0,0.53
0,HydroRoR,DEG0,0.53
0,HydroRoR,EL52,0.15
0,HydroRoR,EL54,0.15
0,HydroRoR,EL63,0.15
0,HydroRoR,EL64,0.15
0,HydroRoR,ES24,0.64
0,HydroRoR,ES51,0.64
0,HydroRoR,FI19,0.41
0,HydroRoR,FI1B,0.41
0,HydroRoR,FI1C,0.41
0,HydroRoR,FI1D,0.41
0,HydroRoR,FRC2,0.93
0,HydroRoR,FRF1,0.93
0,HydroRoR,FRI1,0.93
0,HydroRoR,FRI2,0.93
0,HydroRoR,FRJ1,0.93
0,HydroRoR,FRJ2,0.93
0,HydroRoR,FRK2,0.93
0,HydroRoR,FRL0,0.93
0,HydroRoR,HR02,1.0
0,HydroRoR,HR03,1.0
0,HydroRoR,HU22,0.44
0,HydroRoR,HU31,0.44
0,HydroRoR,HU32,0.44
0,HydroRoR,IE04,0.68
0,HydroRoR,IE05,0.68
0,HydroRoR,IE06,0.68
0,HydroRoR,ITC1,0.74
0,HydroRoR,ITC2,0.74
0,HydroRoR,ITC3,0.74
0,HydroRoR,ITC4,0.74
0,HydroRoR,ITF1,0.74
0,HydroRoR,ITF2,0.74
0,HydroRoR,ITF3,0.74
0,HydroRoR,ITF6,0.74
0,HydroRoR,ITG1,0.74
0,HydroRoR,ITG2,0.74
0,HydroRoR,ITH1,0.74
0,HydroRoR,ITH2,0.74
0,HydroRoR,ITH3,0.74
0,HydroRoR,ITH4,0.74
0,HydroRoR,ITH5,0.74
0,HydroRoR,ITI1,0.74
0,HydroRoR,ITI2,0.74
0,HydroRoR,ITI3,0.74
0,HydroRoR,ITI4,0.74
0,HydroRoR,LV00,0.32
0,HydroRoR,PL21,0.5
0,HydroRoR,PL51,0.5
0,HydroRoR,PL61,0.5
0,HydroRoR,PT11,1.0
0,HydroRoR,PT16,1.0
0,HydroRoR,PT18,1.0
0,HydroRoR,RO11,0.42
0,HydroRoR,RO12,0.42
0,HydroRoR,RO21,0.42
0,HydroRoR,RO22,0.42
0,HydroRoR,RO31,0.42
0,HydroRoR,RO41,0.42
0,HydroRoR,RO42,0.42
0,HydroRoR,SE23,0.41
0,HydroRoR,SE31,0.41
0,HydroRoR,SE32,0.41
0,HydroRoR,SE33,0.41
0,HydroRoR,SI03,0.64
0,HydroRoR,SI04,0.64
0,HydroRoR,SK01,0.19
0,HydroRoR,SK02,0.19
0,HydroRoR,SK03,0.19
0,HydroRoR,UKL1,0.5
0,HydroRoR,UKM6,0.5
0,HydroRoR,UKM7,0.5
0,HydroRoR,UKM9,0.5
1,HydroRoR,AT12,0.22
1,HydroRoR,AT13,0.22
1,HydroRoR,AT21,0.22
1,HydroRoR,AT22,0.22
1,HydroRoR,AT31,0.22
1,HydroRoR,AT32,0.22
1,HydroRoR,AT33,0.22
1,HydroRoR,AT34,0.22
1,HydroRoR,BE33,0.47
1,HydroRoR,BE35,0.47
1,HydroRoR,BG34,0.09
1,HydroRoR,CH01,0.12
1,HydroRoR,CH02,0.12
1,HydroRoR,CH03,0.12
1,HydroRoR,CH04,0.12
1,HydroRoR,CH05,0.12
1,HydroRoR,CH06,0.12
1,HydroRoR,CH07,0.12
1,HydroRoR,CZ02,0.36
1,HydroRoR,CZ04,0.36
1,HydroRoR,DE11,0.53
1,HydroRoR,DE12,0.53
1,HydroRoR,DE13,0.53
1,HydroRoR,DE14,0.53
1,HydroRoR,DE21,0.53
1,HydroRoR,DE22,0.53
1,HydroRoR,DE23,0.53
1,HydroRoR,DE24,0.53
1,HydroRoR,DE25,0.53
1,HydroRoR,DE26,0.53
1,HydroRoR,DE27,0.53
1,HydroRoR,DE40,0.53
1,HydroRoR,DE50,0.53
1,HydroRoR,DE60,0.53
1,HydroRoR,DE71,0.53
1,HydroRoR,DE72,0.53
1,HydroRoR,DE73,0.53
1,HydroRoR,DE80,0.53
1,HydroRoR,DE91,0.53
1,HydroRoR,DE92,0.53
1,HydroRoR,DEA1,0.53
1,HydroRoR,DEA2,0.53
1,HydroRoR,DEA4,0.53
1,HydroRoR,DEA5,0.53
1,HydroRoR,DEB1,0.53
1,HydroRoR,DEB2,0.53
1,HydroRoR,DEB3,0.53
1,HydroRoR,DED2,0.53
1,HydroRoR,DED4,0.53
1,HydroRoR,DED5,0.53
1,HydroRoR,DEE0,0.53
1,HydroRoR,DEG0,0.53
1,HydroRoR,EL52,0.15
1,HydroRoR,EL54,0.15
1,HydroRoR,EL63,0.15
1,HydroRoR,EL64,0.15
1,HydroRoR,ES24,0.63
1,HydroRoR,ES51,0.63
1,HydroRoR,FI19,0.41
1,HydroRoR,FI1B,0.41
1,HydroRoR,FI1C,0.41
1,HydroRoR,FI1D,0.41
1,HydroRoR,FRC2,0.89
1,HydroRoR,FRF1,0.89
1,HydroRoR,FRI1,0.89
1,HydroRoR,FRI2,0.89
1,HydroRoR,FRJ1,0.89
1,HydroRoR,FRJ2,0.89
1,HydroRoR,FRK2,0.89
1,HydroRoR,FRL0,0.89
1,HydroRoR,HR02,1.0
1,HydroRoR,HR03,1.0
1,HydroRoR,HU22,0.63
1,HydroRoR,HU31,0.63
1,HydroRoR,HU32,0.63
1,HydroRoR,IE04,0.68
1,HydroRoR,IE05,0.68
1,HydroRoR,IE06,0.68
1,HydroRoR,ITC1,0.72
1,HydroRoR,ITC2,0.72
1,HydroRoR,ITC3,0.72
1,HydroRoR,ITC4,0.72
1,HydroRoR,ITF1,0.72
1,HydroRoR,ITF2,0.72
1,HydroRoR,ITF3,0.72
1,HydroRoR,ITF6,0.72
1,HydroRoR,ITG1,0.72
1,HydroRoR,ITG2,0.72
1,HydroRoR,ITH1,0.72
1,HydroRoR,ITH2,0.72
1,HydroRoR,ITH3,0.72
1,HydroRoR,ITH4,0.72
1,HydroRoR,ITH5,0.72
1,HydroRoR,ITI1,0.72
1,HydroRoR,ITI2,0.72
1,HydroRoR,ITI3,0.72
1,HydroRoR,ITI4,0.72
1,HydroRoR,LV00,0.32
1,HydroRoR,PL21,0.5
1,HydroRoR,PL51,0.5
1,HydroRoR,PL61,0.5
1,HydroRoR,PT11,1.0
1,HydroRoR,PT16,1.0
1,HydroRoR,PT18,1.0
1,HydroRoR,RO11,0.45
1,HydroRoR,RO12,0.45
1,HydroRoR,RO21,0.45
1,HydroRoR,RO22,0.45
1,HydroRoR,RO31,0.45
1,HydroRoR,RO41,0.45
1,HydroRoR,RO42,0.45
1,HydroRoR,SE23,0.41
1,HydroRoR,SE31,0.41
1,HydroRoR,SE32,0.41
1,HydroRoR,SE33,0.41
1,HydroRoR,SI03,0.66
1,HydroRoR,SI04,0.66
1,HydroRoR,SK01,0.23
1,HydroRoR,SK02,0.23
1,HydroRoR,SK03,0.23
1,HydroRoR,UKL1,0.5
1,HydroRoR,UKM6,0.5
1,HydroRoR,UKM7,0.5
1,HydroRoR,UKM9,0.5
2,HydroRoR,AT12,0.22
2,HydroRoR,AT13,0.22
2,HydroRoR,AT21,0.22
2,HydroRoR,AT22,0.22
2,HydroRoR,AT31,0.22
2,HydroRoR,AT32,0.22
2,HydroRoR,AT33,0.22
2,HydroRoR,AT34,0.22
2,HydroRoR,BE33,0.47
2,HydroRoR,BE35,0.47
2,HydroRoR,BG34,0.09
2,HydroRoR,CH01,0.12
2,HydroRoR,CH02,0.12
2,HydroRoR,CH03,0.12
2,HydroRoR,CH04,0.12
2,HydroRoR,CH05,0.12
2,HydroRoR,CH06,0.12
2,HydroRoR,CH07,0.12
2,HydroRoR,CZ02,0.34
2,HydroRoR,CZ04,0.34
2,HydroRoR,DE11,0.53
2,HydroRoR,DE12,0.53
2,HydroRoR,DE13,0.53
2,HydroRoR,DE14,0.53
2,HydroRoR,DE21,0.53
2,HydroRoR,DE22,0.53
2,HydroRoR,DE23,0.53
2,HydroRoR,DE24,0.53
2,HydroRoR,DE25,0.53
2,HydroRoR,DE26,0.53
2,HydroRoR,DE27,0.53
2,HydroRoR,DE40,0.53
2,HydroRoR,DE50,0.53
2,HydroRoR,DE60,0.53
2,HydroRoR,DE71,0.53
2,HydroRoR,DE72,0.53
2,HydroRoR,DE73,0.53
2,HydroRoR,DE80,0.53
2,HydroRoR,DE91,0.53
2,HydroRoR,DE92,0.53
2,HydroRoR,DEA1,0.53
2,HydroRoR,DEA2,0.53
2,HydroRoR,DEA4,0.53
2,HydroRoR,DEA5,0.53
2,HydroRoR,DEB1,0.53
2,HydroRoR,DEB2,0.53
2,HydroRoR,DEB3,0.53
2,HydroRoR,DED2,0.53
2,HydroRoR,DED4,0.53
2,HydroRoR,DED5,0.53
2,HydroRoR,DEE0,0.53
2,HydroRoR,DEG0,0.53
2,HydroRoR,EL52,0.15
2,HydroRoR,EL54,0.15
2,HydroRoR,EL63,0.15
2,HydroRoR,EL64,0.15
2,HydroRoR,ES24,0.64
2,HydroRoR,ES51,0.64
2,HydroRoR,FI19,0.41
2,HydroRoR,FI1B,0.41
2,HydroRoR,FI1C,0.41
2,HydroRoR,FI1D,0.41
2,HydroRoR,FRC2,0.79
2,HydroRoR,FRF1,0.79
2,HydroRoR,FRI1,0.79
2,HydroRoR,FRI2,0.79
2,HydroRoR,FRJ1,0.79
2,HydroRoR,FRJ2,0.79
2,HydroRoR,FRK2,0.79
2,HydroRoR,FRL0,0.79
2,HydroRoR,HR02,1.0
2,HydroRoR,HR03,1.0
2,HydroRoR,HU22,0.98
2,HydroRoR,HU31,0.98
2,HydroRoR,HU32,0.98
2,HydroRoR,IE04,0.68
2,HydroRoR,IE05,0.68
2,HydroRoR,IE06,0.68
2,HydroRoR,ITC1,0.66
2,HydroRoR,ITC2,0.66
2,HydroRoR,ITC3,0.66
2,HydroRoR,ITC4,0.66
2,HydroRoR,ITF1,0.66
2,HydroRoR,ITF2,0.66
2,HydroRoR,ITF3,0.66
2,HydroRoR,ITF6,0.66
2,HydroRoR,ITG1,0.66
2,HydroRoR,ITG2,0.66
2,HydroRoR,ITH1,0.66
2,HydroRoR,ITH2,0.66
2,HydroRoR,ITH3,0.66
2,HydroRoR,ITH4,0.66
2,HydroRoR,ITH5,0.66
2,HydroRoR,ITI1,0.66
2,HydroRoR,ITI2,0.66
2,HydroRoR,ITI3,0.66
2,HydroRoR,ITI4,0.66
2,HydroRoR,LV00,0.32
2,HydroRoR,PL21,0.5
2,HydroRoR,PL51,0.5
2,HydroRoR,PL61,0.5
2,HydroRoR,PT11,1.0
2,HydroRoR,PT16,1.0
2,HydroRoR,PT18,1.0
2,HydroRoR,RO11,0.47
2,HydroRoR,RO12,0.47
2,HydroRoR,RO21,0.47
2,HydroRoR,RO22,0.47
2,HydroRoR,RO31,0.47
2,HydroRoR,RO41,0.47
2,HydroRoR,RO42,0.47
2,HydroRoR,SE23,0.41
2,HydroRoR,SE31,0.41
2,HydroRoR,SE32,0.41
2,HydroRoR,SE33,0.41
2,HydroRoR,SI03,0.66
2,HydroRoR,SI04,0.66
2,HydroRoR,SK01,0.24
2,HydroRoR,SK02,0.24
2,HydroRoR,SK03,0.24
2,HydroRoR,UKL1,0.5
2,HydroRoR,UKM6,0.5
2,HydroRoR,UKM7,0.5
2,HydroRoR,UKM9,0.5
3,HydroRoR,AT12,0.22
3,HydroRoR,AT13,0.22
3,HydroRoR,AT21,0.22
3,HydroRoR,AT22,0.22
3,HydroRoR,AT31,0.22
3,HydroRoR,AT32,0.22
3,HydroRoR,AT33,0.22
3,HydroRoR,AT34,0.22
3,HydroRoR,BE33,0.48
3,HydroRoR,BE35,0.48
3,HydroRoR,BG34,0.09
3,HydroRoR,CH01,0.12
3,HydroRoR,CH02,0.12
3,HydroRoR,CH03,0.12
3,HydroRoR,CH04,0.12
3,HydroRoR,CH05,0.12
3,HydroRoR,CH06,0.12
3,HydroRoR,CH07,0.12
3,HydroRoR,CZ02,0.33
3,HydroRoR,CZ04,0.33
3,HydroRoR,DE11,0.53
3,HydroRoR,DE12,0.53
3,HydroRoR,DE13,0.53
3,HydroRoR,DE14,0.53
3,HydroRoR,DE21,0.53
3,HydroRoR,DE22,0.53
3,HydroRoR,DE23,0.53
3,HydroRoR,DE24,0.53
3,HydroRoR,DE25,0.53
3,HydroRoR,DE26,0.53
3,HydroRoR,DE27,0.53
3,HydroRoR,DE40,0.53
3,HydroRoR,DE50,0.53
3,HydroRoR,DE60,0.53
3,HydroRoR,DE71,0.53
3,HydroRoR,DE72,0.53
3,HydroRoR,DE73,0.53
3,HydroRoR,DE80,0.53
3,HydroRoR,DE91,0.53
3,HydroRoR,DE92,0.53
3,HydroRoR,DEA1,0.53
3,HydroRoR,DEA2,0.53
3,HydroRoR,DEA4,0.53
3,HydroRoR,DEA5,0.53
3,HydroRoR,DEB1,0.53
3,HydroRoR,DEB2,0.53
3,HydroRoR,DEB3,0.53
3,HydroRoR,DED2,0.53
3,HydroRoR,DED4,0.53
3,HydroRoR,DED5,0.53
3,HydroRoR,DEE0,0.53
3,HydroRoR,DEG0,0.53
3,HydroRoR,EL52,0.15
3,HydroRoR,EL54,0.15
3,HydroRoR,EL63,0.15
3,HydroRoR,EL64,0.15
3,HydroRoR,ES24,0.67
3,HydroRoR,ES51,0.67
3,HydroRoR,FI19,0.41
3,HydroRoR,FI1B,0.41
3,HydroRoR,FI1C,0.41
3,HydroRoR,FI1D,0.41
3,HydroRoR,FRC2,0.74
3,HydroRoR,FRF1,0.74
3,HydroRoR,FRI1,0.74
3,HydroRoR,FRI2,0.74
3,HydroRoR,FRJ1,0.74
3,HydroRoR,FRJ2,0.74
3,HydroRoR,FRK2,0.74
3,HydroRoR,FRL0,0.74
3,HydroRoR,HR02,1.0
3,HydroRoR,HR03,1.0
3,HydroRoR,HU22,1.0
3,HydroRoR,HU31,1.0
3,HydroRoR,HU32,1.0
3,HydroRoR,IE04,0.68
3,HydroRoR,IE05,0.68
3,HydroRoR,IE06,0.68
3,HydroRoR,ITC1,0.6
3,HydroRoR,ITC2,0.6
3,HydroRoR,ITC3,0.6
3,HydroRoR,ITC4,0.6
3,HydroRoR,ITF1,0.6
3,HydroRoR,ITF2,0.6
3,HydroRoR,ITF3,0.6
3,HydroRoR,ITF6,0.6
3,HydroRoR,ITG1,0.6
3,HydroRoR,ITG2,0.6
3,HydroRoR,ITH1,0.6
3,HydroRoR,ITH2,0.6
3,HydroRoR,ITH3,0.6
3,HydroRoR,ITH4,0.6
3,HydroRoR,ITH5,0.6
3,HydroRoR,ITI1,0.6
3,HydroRoR,ITI2,0.6
3,HydroRoR,ITI3,0.6
3,HydroRoR,ITI4,0.6
3,HydroRoR,LV00,0.32
3,HydroRoR,PL21,0.5
3,HydroRoR,PL51,0.5
3,HydroRoR,PL61,0.5
3,HydroRoR,PT11,1.0
3,HydroRoR,PT16,1.0
3,HydroRoR,PT18,1.0
3,HydroRoR,RO11,0.49
3,HydroRoR,RO12,0.49
3,HydroRoR,RO21,0.49
3,HydroRoR,RO22,0.49
3,HydroRoR,RO31,0.49
3,HydroRoR,RO41,0.49
3,HydroRoR,RO42,0.49
3,HydroRoR,SE23,0.41
3,HydroRoR,SE31,0.41
3,HydroRoR,SE32,0.41
3,HydroRoR,SE33,0.41
3,HydroRoR,SI03,0.64
3,HydroRoR,SI04,0.64
3,HydroRoR,SK01,0.24
3,HydroRoR,SK02,0.24
3,HydroRoR,SK03,0.24
3,HydroRoR,UKL1,0.5
3,HydroRoR,UKM6,0.5
3,HydroRoR,UKM7,0.5
3,HydroRoR,UKM9,0.5
4,HydroRoR,AT12,0.22
4,HydroRoR,AT13,0.22
4,HydroRoR,AT21,0.22
4,HydroRoR,AT22,0.22
4,HydroRoR,AT31,0.22
4,HydroRoR,AT32,0.22
4,HydroRoR,AT33,0.22
4,HydroRoR,AT34,0.22
4,HydroRoR,BE33,0.48
4,HydroRoR,BE35,0.48
4,HydroRoR,BG34,0.09
4,HydroRoR,CH01,0.12
4,HydroRoR,CH02,0.12
4,HydroRoR,CH03,0.12
4,HydroRoR,CH04,0.12
4,HydroRoR,CH05,0.12
4,HydroRoR,CH06,0.12
4,HydroRoR,CH07,0.12
4,HydroRoR,CZ02,0.31
4,HydroRoR,CZ04,0.31
4,HydroRoR,DE11,0.53
4,HydroRoR,DE12,0.53
4,HydroRoR,DE13,0.53
4,HydroRoR,DE14,0.53
4,HydroRoR,DE21,0.53
4,HydroRoR,DE22,0.53
4,HydroRoR,DE23,0.53
4,HydroRoR,DE24,0.53
4,HydroRoR,DE25,0.53
4,HydroRoR,DE26,0.53
4,HydroRoR,DE27,0.53
4,HydroRoR,DE40,0.53
4,HydroRoR,DE50,0.53
4,HydroRoR,DE60,0.53
4,HydroRoR,DE71,0.53
4,HydroRoR,DE72,0.53
4,HydroRoR,DE73,0.53
4,HydroRoR,DE80,0.53
4,HydroRoR,DE91,0.53
4,HydroRoR,DE92,0.53
4,HydroRoR,DEA1,0.53
4,HydroRoR,DEA2,0.53
4,HydroRoR,DEA4,0.53
4,HydroRoR,DEA5,0.53
4,HydroRoR,DEB1,0.53
4,HydroRoR,DEB2,0.53
4,HydroRoR,DEB3,0.53
4,HydroRoR,DED2,0.53
4,HydroRoR,DED4,0.53
4,HydroRoR,DED5,0.53
4,HydroRoR,DEE0,0.53
4,HydroRoR,DEG0,0.53
4,HydroRoR,EL52,0.16
4,HydroRoR,EL54,0.16
4,HydroRoR,EL63,0.16
4,HydroRoR,EL64,0.16
4,HydroRoR,ES24,0.7
4,HydroRoR,ES51,0.7
4,HydroRoR,FI19,0.41
4,HydroRoR,FI1B,0.41
4,HydroRoR,FI1C,0.41
4,HydroRoR,FI1D,0.41
4,HydroRoR,FRC2,0.71
4,HydroRoR,FRF1,0.71
4,HydroRoR,FRI1,0.71
4,HydroRoR,FRI2,0.71
4,HydroRoR,FRJ1,0.71
4,HydroRoR,FRJ2,0.71
4,HydroRoR,FRK2,0.71
4,HydroRoR,FRL0,0.71
4,HydroRoR,HR02,1.0
4,HydroRoR,HR03,1.0
4,HydroRoR,HU22,1.0
4,HydroRoR,HU31,1.0
4,HydroRoR,HU32,1.0
4,HydroRoR,IE04,0.68
4,HydroRoR,IE05,0.68
4,HydroRoR,IE06,0.68
4,HydroRoR,ITC1,0.57
4,HydroRoR,ITC2,0.57
4,HydroRoR,ITC3,0.57
4,HydroRoR,ITC4,0.57
4,HydroRoR,ITF1,0.57
4,HydroRoR,ITF2,0.57
4,HydroRoR,ITF3,0.57
4,HydroRoR,ITF6,0.57
4,HydroRoR,ITG1,0.57
4,HydroRoR,ITG2,0.57
4,HydroRoR,ITH1,0.57
4,HydroRoR,ITH2,0.57
4,HydroRoR,ITH3,0.57
4,HydroRoR,ITH4,0.57
4,HydroRoR,ITH5,0.57
4,HydroRoR,ITI1,0.57
4,HydroRoR,ITI2,0.57
4,HydroRoR,ITI3,0.57
4,HydroRoR,ITI4,0.57
4,HydroRoR,LV00,0.32
4,HydroRoR,PL21,0.5
4,HydroRoR,PL51,0.5
4,HydroRoR,PL61,0.5
4,HydroRoR,PT11,1.0
4,HydroRoR,PT16,1.0
4,HydroRoR,PT18,1.0
4,HydroRoR,RO11,0.5
4,HydroRoR,RO12,0.5
4,HydroRoR,RO21,0.5
4,HydroRoR,RO22,0.5
4,HydroRoR,RO31,0.5
4,HydroRoR,RO41,0.5
4,HydroRoR,RO42,0.5
4,HydroRoR,SE23,0.41
4,HydroRoR,SE31,0.41
4,HydroRoR,SE32,0.41
4,HydroRoR,SE33,0.41
4,HydroRoR,SI03,0.62
4,HydroRoR,SI04,0.62
4,HydroRoR,SK01,0.24
4,HydroRoR,SK02,0.24
4,HydroRoR,SK03,0.24
4,HydroRoR,UKL1,0.5
4,HydroRoR,UKM6,0.5
4,HydroRoR,UKM7,0.5
4,HydroRoR,UKM9,0.5
5,HydroRoR,AT12,0.22
5,HydroRoR,AT13,0.22
5,HydroRoR,AT21,0.22
5,HydroRoR,AT22,0.22
5,HydroRoR,AT31,0.22
5,HydroRoR,AT32,0.22
5,HydroRoR,AT33,0.22
5,HydroRoR,AT34,0.22
5,HydroRoR,BE33,0.48
5,HydroRoR,BE35,0.48
5,HydroRoR,BG34,0.09
5,HydroRoR,CH01,0.13
5,HydroRoR,CH02,0.13
5,HydroRoR,CH03,0.13
5,HydroRoR,CH04,0.13
5,HydroRoR,CH05,0.13
5,HydroRoR,CH06,0.13
5,HydroRoR,CH07,0.13
5,HydroRoR,CZ02,0.3
5,HydroRoR,CZ04,0.3
5,HydroRoR,DE11,0.53
5,HydroRoR,DE12,0.53
5,HydroRoR,DE13,0.53
5,HydroRoR,DE14,0.53
5,HydroRoR,DE21,0.53
5,HydroRoR,DE22,0.53
5,HydroRoR,DE23,0.53
5,HydroRoR,DE24,0.53
5,HydroRoR,DE25,0.53
5,HydroRoR,DE26,0.53
5,HydroRoR,DE27,0.53
5,HydroRoR,DE40,0.53
5,HydroRoR,DE50,0.53
5,HydroRoR,DE60,0.53
5,HydroRoR,DE71,0.53
5,HydroRoR,DE72,0.53
5,HydroRoR,DE73,0.53
5,HydroRoR,DE80,0.53
5,HydroRoR,DE91,0.53
5,HydroRoR,DE92,0.53
5,HydroRoR,DEA1,0.53
5,HydroRoR,DEA2,0.53
5,HydroRoR,DEA4,0.53
5,HydroRoR,DEA5,0.53
5,HydroRoR,DEB1,0.53
5,HydroRoR,DEB2,0.53
5,HydroRoR,DEB3,0.53
5,HydroRoR,DED2,0.53
5,HydroRoR,DED4,0.53
5,HydroRoR,DED5,0.53
5,HydroRoR,DEE0,0.53
5,HydroRoR,DEG0,0.53
5,HydroRoR,EL52,0.16
5,HydroRoR,EL54,0.16
5,HydroRoR,EL63,0.16
5,HydroRoR,EL64,0.16
5,HydroRoR,ES24,0.72
5,HydroRoR,ES51,0.72
5,HydroRoR,FI19,0.41
5,HydroRoR,FI1B,0.41
5,HydroRoR,FI1C,0.41
5,HydroRoR,FI1D,0.41
5,HydroRoR,FRC2,0.71
5,HydroRoR,FRF1,0.71
5,HydroRoR,FRI1,0.71
5,HydroRoR,FRI2,0.71
5,HydroRoR,FRJ1,0.71
5,HydroRoR,FRJ2,0.71
5,HydroRoR,FRK2,0.71
5,HydroRoR,FRL0,0.71
5,HydroRoR,HR02,1.0
5,HydroRoR,HR03,1.0
5,HydroRoR,HU22,1.0
5,HydroRoR,HU31,1.0
5,HydroRoR,HU32,1.0
5,HydroRoR,IE04,0.68
5,HydroRoR,IE05,0.68
5,HydroRoR,IE06,0.68
5,HydroRoR,ITC1,0.54
5,HydroRoR,ITC2,0.54
5,HydroRoR,ITC3,0.54
5,HydroRoR,ITC4,0.54
5,HydroRoR,ITF1,0.54
5,HydroRoR,ITF2,0.54
5,HydroRoR,ITF3,0.54
5,HydroRoR,ITF6,0.54
5,HydroRoR,ITG1,0.54
5,HydroRoR,ITG2,0.54
5,HydroRoR,ITH1,0.54
5,HydroRoR,ITH2,0.54
5,HydroRoR,ITH3,0.54
5,HydroRoR,ITH4,0.54
5,HydroRoR,ITH5,0.54
5,HydroRoR,ITI1,0.54
5,HydroRoR,ITI2,0.54
5,HydroRoR,ITI3,0.54
5,HydroRoR,ITI4,0.54
5,HydroRoR,LV00,0.32
5,HydroRoR,PL21,0.5
5,HydroRoR,PL51,0.5
5,HydroRoR,PL61,0.5
5,HydroRoR,PT11,1.0
5,HydroRoR,PT16,1.0
5,HydroRoR,PT18,1.0
5,HydroRoR,RO11,0.52
5,HydroRoR,RO12,0.52
5,HydroRoR,RO21,0.52
5,HydroRoR,RO22,0.52
5,HydroRoR,RO31,0.52
5,HydroRoR,RO41,0.52
5,HydroRoR,RO42,0.52
5,HydroRoR,SE23,0.41
5,HydroRoR,SE31,0.41
5,HydroRoR,SE32,0.41
5,HydroRoR,SE33,0.41
5,HydroRoR,SI03,0.61
5,HydroRoR,SI04,0.61
5,HydroRoR,SK01,0.24
5,HydroRoR,SK02,0.24
5,HydroRoR,SK03,0.24
5,HydroRoR,UKL1,0.5
5,HydroRoR,UKM6,0.5
5,HydroRoR,UKM7,0.5
5,HydroRoR,UKM9,0.5
6,HydroRoR,AT12,0.22
6,HydroRoR,AT13,0.22
6,HydroRoR,AT21,0.22
6,HydroRoR,AT22,0.22
6,HydroRoR,AT31,0.22
6,HydroRoR,AT32,0.22
6,HydroRoR,AT33,0.22
6,HydroRoR,AT34,0.22
6,HydroRoR,BE33,0.48
6,HydroRoR,BE35,0.48
6,HydroRoR,BG34,0.09
6,HydroRoR,CH01,0.13
6,HydroRoR,CH02,0.13
6,HydroRoR,CH03,0.13
6,HydroRoR,CH04,0.13
6,HydroRoR,CH05,0.13
6,HydroRoR,CH06,0.13
6,HydroRoR,CH07,0.13
6,HydroRoR,CZ02,0.3
6,HydroRoR,CZ04,0.3
6,HydroRoR,DE11,0.53
6,HydroRoR,DE12,0.53
6,HydroRoR,DE13,0.53
6,HydroRoR,DE14,0.53
6,HydroRoR,DE21,0.53
6,HydroRoR,DE22,0.53
6,HydroRoR,DE23,0.53
6,HydroRoR,DE24,0.53
6,HydroRoR,DE25,0.53
6,HydroRoR,DE26,0.53
6,HydroRoR,DE27,0.53
6,HydroRoR,DE40,0.53
6,HydroRoR,DE50,0.53
6,HydroRoR,DE60,0.53
6,HydroRoR,DE71,0.53
6,HydroRoR,DE72,0.53
6,HydroRoR,DE73,0.53
6,HydroRoR,DE80,0.53
6,HydroRoR,DE91,0.53
6,HydroRoR,DE92,0.53
6,HydroRoR,DEA1,0.53
6,HydroRoR,DEA2,0.53
6,HydroRoR,DEA4,0.53
6,HydroRoR,DEA5,0.53
6,HydroRoR,DEB1,0.53
6,HydroRoR,DEB2,0.53
6,HydroRoR,DEB3,0.53
6,HydroRoR,DED2,0.53
6,HydroRoR,DED4,0.53
6,HydroRoR,DED5,0.53
6,HydroRoR,DEE0,0.53
6,HydroRoR,DEG0,0.53
6,HydroRoR,EL52,0.17
6,HydroRoR,EL54,0.17
6,HydroRoR,EL63,0.17
6,HydroRoR,EL64,0.17
6,HydroRoR,ES24,0.72
6,HydroRoR,ES51,0.72
6,HydroRoR,FI19,0.41
6,HydroRoR,FI1B,0.41
6,HydroRoR,FI1C,0.41
6,HydroRoR,FI1D,0.41
6,HydroRoR,FRC2,0.7
6,HydroRoR,FRF1,0.7
6,HydroRoR,FRI1,0.7
6,HydroRoR,FRI2,0.7
6,HydroRoR,FRJ1,0.7
6,HydroRoR,FRJ2,0.7
6,HydroRoR,FRK2,0.7
6,HydroRoR,FRL0,0.7
6,HydroRoR,HR02,1.0
6,HydroRoR,HR03,1.0
6,HydroRoR,HU22,1.0
6,HydroRoR,HU31,1.0
6,HydroRoR,HU32,1.0
6,HydroRoR,IE04,0.68
6,HydroRoR,IE05,0.68
6,HydroRoR,IE06,0.68
6,HydroRoR,ITC1,0.55
6,HydroRoR,ITC2,0.55
6,HydroRoR,ITC3,0.55
6,HydroRoR,ITC4,0.55
6,HydroRoR,ITF1,0.55
6,HydroRoR,ITF2,0.55
6,HydroRoR,ITF3,0.55
6,HydroRoR,ITF6,0.55
6,HydroRoR,ITG1,0.55
6,HydroRoR,ITG2,0.55
6,HydroRoR,ITH1,0.55
6,HydroRoR,ITH2,0.55
6,HydroRoR,ITH3,0.55
6,HydroRoR,ITH4,0.55
6,HydroRoR,ITH5,0.55
6,HydroRoR,ITI1,0.55
6,HydroRoR,ITI2,0.55
6,HydroRoR,ITI3,0.55
6,HydroRoR,ITI4,0.55
6,HydroRoR,LV00,0.32
6,HydroRoR,PL21,0.5
6,HydroRoR,PL51,0.5
6,HydroRoR,PL61,0.5
6,HydroRoR,PT11,1.0
6,HydroRoR,PT16,1.0
6,HydroRoR,PT18,1.0
6,HydroRoR,RO11,0.54
6,HydroRoR,RO12,0.54
6,HydroRoR,RO21,0.54
6,HydroRoR,RO22,0.54
6,HydroRoR,RO31,0.54
6,HydroRoR,RO41,0.54
6,HydroRoR,RO42,0.54
6,HydroRoR,SE23,0.41
6,HydroRoR,SE31,0.41
6,HydroRoR,SE32,0.41
6,HydroRoR,SE33,0.41
6,HydroRoR,SI03,0.59
6,HydroRoR,SI04,0.59
6,HydroRoR,SK01,0.23
6,HydroRoR,SK02,0.23
6,HydroRoR,SK03,0.23
6,HydroRoR,UKL1,0.5
6,HydroRoR,UKM6,0.5
6,HydroRoR,UKM7,0.5
6,HydroRoR,UKM9,0.5
7,HydroRoR,AT12,0.22
7,HydroRoR,AT13,0.22
7,HydroRoR,AT21,0.22
7,HydroRoR,AT22,0.22
7,HydroRoR,AT31,0.22
7,HydroRoR,AT32,0.22
7,HydroRoR,AT33,0.22
7,HydroRoR,AT34,0.22
7,HydroRoR,BE33,0.48
7,HydroRoR,BE35,0.48
7,HydroRoR,BG34,0.09
7,HydroRoR,CH01,0.13
7,HydroRoR,CH02,0.13
7,HydroRoR,CH03,0.13
7,HydroRoR,CH04,0.13
7,HydroRoR,CH05,0.13
7,HydroRoR,CH06,0.13
7,HydroRoR,CH07,0.13
7,HydroRoR,CZ02,0.29
7,HydroRoR,CZ04,0.29
7,HydroRoR,DE11,0.62
7,HydroRoR,DE12,0.62
7,HydroRoR,DE13,0.62
7,HydroRoR,DE14,0.62
7,HydroRoR,DE21,0.62
7,HydroRoR,DE22,0.62
7,HydroRoR,DE23,0.62
7,HydroRoR,DE24,0.62
7,HydroRoR,DE25,0.62
7,HydroRoR,DE26,0.62
7,HydroRoR,DE27,0.62
7,HydroRoR,DE40,0.62
7,HydroRoR,DE50,0.62
7,HydroRoR,DE60,0.62
7,HydroRoR,DE71,0.62
7,HydroRoR,DE72,0.62
7,HydroRoR,DE73,0.62
7,HydroRoR,DE80,0.62
7,HydroRoR,DE91,0.62
7,HydroRoR,DE92,0.62
7,HydroRoR,DEA1,0.62
7,HydroRoR,DEA2,0.62
7,HydroRoR,DEA4,0.62
7,HydroRoR,DEA5,0.62
7,HydroRoR,DEB1,0.62
7,HydroRoR,DEB2,0.62
7,HydroRoR,DEB3,0.62
7,HydroRoR,DED2,0.62
7,HydroRoR,DED4,0.62
7,HydroRoR,DED5,0.62
7,HydroRoR,DEE0,0.62
7,HydroRoR,DEG0,0.62
7,HydroRoR,EL52,0.19
7,HydroRoR,EL54,0.19
7,HydroRoR,EL63,0.19
7,HydroRoR,EL64,0.19
7,HydroRoR,ES24,0.71
7,HydroRoR,ES51,0.71
7,HydroRoR,FI19,0.4
7,HydroRoR,FI1B,0.4
7,HydroRoR,FI1C,0.4
7,HydroRoR,FI1D,0.4
7,HydroRoR,FRC2,0.69
7,HydroRoR,FRF1,0.69
7,HydroRoR,FRI1,0.69
7,HydroRoR,FRI2,0.69
7,HydroRoR,FRJ1,0.69
7,HydroRoR,FRJ2,0.69
7,HydroRoR,FRK2,0.69
7,HydroRoR,FRL0,0.69
7,HydroRoR,HR02,1.0
7,HydroRoR,HR03,1.0
7,HydroRoR,HU22,1.0
7,HydroRoR,HU31,1.0
7,HydroRoR,HU32,1.0
7,HydroRoR,IE04,0.68
7,HydroRoR,IE05,0.68
7,HydroRoR,IE06,0.68
7,HydroRoR,ITC1,0.58
7,HydroRoR,ITC2,0.58
7,HydroRoR,ITC3,0.58
7,HydroRoR,ITC4,0.58
7,HydroRoR,ITF1,0.58
7,HydroRoR,ITF2,0.58
7,HydroRoR,ITF3,0.58
7,HydroRoR,ITF6,0.58
7,HydroRoR,ITG1,0.58
7,HydroRoR,ITG2,0.58
7,HydroRoR,ITH1,0.58
7,HydroRoR,ITH2,0.58
7,HydroRoR,ITH3,0.58
7,HydroRoR,ITH4,0.58
7,HydroRoR,ITH5,0.58
7,HydroRoR,ITI1,0.58
7,HydroRoR,ITI2,0.58
7,HydroRoR,ITI3,0.58
7,HydroRoR,ITI4,0.58
7,HydroRoR,LV00,0.31
7,HydroRoR,PL21,0.48
7,HydroRoR,PL51,0.48
7,HydroRoR,PL61,0.48
7,HydroRoR,PT11,1.0
7,HydroRoR,PT16,1.0
7,HydroRoR,PT18,1.0
7,HydroRoR,RO11,0.62
7,HydroRoR,RO12,0.62
7,HydroRoR,RO21,0.62
7,HydroRoR,RO22,0.62
7,HydroRoR,RO31,0.62
7,HydroRoR,RO41,0.62
7,HydroRoR,RO42,0.62
7,HydroRoR,SE23,0.41
7,HydroRoR,SE31,0.41
7,HydroRoR,SE32,0.41
7,HydroRoR,SE33,0.41
7,HydroRoR,SI03,0.59
7,HydroRoR,SI04,0.59
7,HydroRoR,SK01,0.21
7,HydroRoR,SK02,0.21
7,HydroRoR,SK03,0.21
7,HydroRoR,UKL1,0.5
7,HydroRoR,UKM6,0.5
7,HydroRoR,UKM7,0.5
7,HydroRoR,UKM9,0.5
8,HydroRoR,AT12,0.22
8,HydroRoR,AT13,0.22
8,HydroRoR,AT21,0.22
8,HydroRoR,AT22,0.22
8,HydroRoR,AT31,0.22
8,HydroRoR,AT32,0.22
8,HydroRoR,AT33,0.22
8,HydroRoR,AT34,0.22
8,HydroRoR,BE33,0.49
8,HydroRoR,BE35,0.49
8,HydroRoR,BG34,0.09
8,HydroRoR,CH01,0.13
8,HydroRoR,CH02,0.13
8,HydroRoR,CH03,0.13
8,HydroRoR,CH04,0.13
8,HydroRoR,CH05,0.13
8,HydroRoR,CH06,0.13
8,HydroRoR,CH07,0.13
8,HydroRoR,CZ02,0.28
8,HydroRoR,CZ04,0.28
8,HydroRoR,DE11,0.6
8,HydroRoR,DE12,0.6
8,HydroRoR,DE13,0.6
8,HydroRoR,DE14,0.6
8,HydroRoR,DE21,0.6
8,HydroRoR,DE22,0.6
8,HydroRoR,DE23,0.6
8,HydroRoR,DE24,0.6
8,HydroRoR,DE25,0.6
8,HydroRoR,DE26,0.6
8,HydroRoR,DE27,0.6
8,HydroRoR,DE40,0.6
8,HydroRoR,DE50,0.6
8,HydroRoR,DE60,0.6
8,HydroRoR,DE71,0.6
8,HydroRoR,DE72,0.6
8,HydroRoR,DE73,0.6
8,HydroRoR,DE80,0.6
8,HydroRoR,DE91,0.6
8,HydroRoR,DE92,0.6
8,HydroRoR,DEA1,0.6
8,HydroRoR,DEA2,0.6
8,HydroRoR,DEA4,0.6
8,HydroRoR,DEA5,0.6
8,HydroRoR,DEB1,0.6
8,HydroRoR,DEB2,0.6
8,HydroRoR,DEB3,0.6
8,HydroRoR,DED2,0.6
8,HydroRoR,DED4,0.6
8,HydroRoR,DED5,0.6
8,HydroRoR,DEE0,0.6
8,HydroRoR,DEG0,0.6
8,HydroRoR,EL52,0.21
8,HydroRoR,EL54,0.21
8,HydroRoR,EL63,0.21
8,HydroRoR,EL64,0.21
8,HydroRoR,ES24,0.7
8,HydroRoR,ES51,0.7
8,HydroRoR,FI19,0.39
8,HydroRoR,FI1B,0.39
8,HydroRoR,FI1C,0.39
8,HydroRoR,FI1D,0.39
8,HydroRoR,FRC2,0.67
8,HydroRoR,FRF1,0.67
8,HydroRoR,FRI1,0.67
8,HydroRoR,FRI2,0.67
8,HydroRoR,FRJ1,0.67
8,HydroRoR,FRJ2,0.67
8,HydroRoR,FRK2,0.67
8,HydroRoR,FRL0,0.67
8,HydroRoR,HR02,1.0
8,HydroRoR,HR03,1.0
8,HydroRoR,HU22,1.0
8,HydroRoR,HU31,1.0
8,HydroRoR,HU32,1.0
8,HydroRoR,IE04,0.68
8,HydroRoR,IE05,0.68
8,HydroRoR,IE06,0.68
8,HydroRoR,ITC1,0.6
8,HydroRoR,ITC2,0.6
8,HydroRoR,ITC3,0.6
8,HydroRoR,ITC4,0.6
8,HydroRoR,ITF1,0.6
8,HydroRoR,ITF2,0.6
8,HydroRoR,ITF3,0.6
8,HydroRoR,ITF6,0.6
8,HydroRoR,ITG1,0.6
8,HydroRoR,ITG2,0.6
8,HydroRoR,ITH1,0.6
8,HydroRoR,ITH2,0.6
8,HydroRoR,ITH3,0.6
8,HydroRoR,ITH4,0.6
8,HydroRoR,ITH5,0.6
8,HydroRoR,ITI1,0.6
8,HydroRoR,ITI2,0.6
8,HydroRoR,ITI3,0.6
8,HydroRoR,ITI4,0.6
8,HydroRoR,LV00,0.3
8,HydroRoR,PL21,0.46
8,HydroRoR,PL51,0.46
8,HydroRoR,PL61,0.46
8,HydroRoR,PT11,1.0
8,HydroRoR,PT16,1.0
8,HydroRoR,PT18,1.0
8,HydroRoR,RO11,0.7
8,HydroRoR,RO12,0.7
8,HydroRoR,RO21,0.7
8,HydroRoR,RO22,0.7
8,HydroRoR,RO31,0.7
8,HydroRoR,RO41,0.7
8,HydroRoR,RO42,0.7
8,HydroRoR,SE23,0.41
8,HydroRoR,SE31,0.41
8,HydroRoR,SE32,0.41
8,HydroRoR,SE33,0.41
8,HydroRoR,SI03,0.6
8,HydroRoR,SI04,0.6
8,HydroRoR,SK01,0.2
8,HydroRoR,SK02,0.2
8,HydroRoR,SK03,0.2
8,HydroRoR,UKL1,0.51
8,HydroRoR,UKM6,0.51
8,HydroRoR,UKM7,0.51
8,HydroRoR,UKM9,0.51
9,HydroRoR,AT12,0.22
9,HydroRoR,AT13,0.22
9,HydroRoR,AT21,0.22
9,HydroRoR,AT22,0.22
9,HydroRoR,AT31,0.22
9,HydroRoR,AT32,0.22
9,HydroRoR,AT33,0.22
9,HydroRoR,AT34,0.22
9,HydroRoR,BE33,0.49
9,HydroRoR,BE35,0.49
9,HydroRoR,BG34,0.1
9,HydroRoR,CH01,0.13
9,HydroRoR,CH02,0.13
9,HydroRoR,CH03,0.13
9,HydroRoR,CH04,0.13
9,HydroRoR,CH05,0.13
9,HydroRoR,CH06,0.13
9,HydroRoR,CH07,0.13
9,HydroRoR,CZ02,0.28
9,HydroRoR,CZ04,0.28
9,HydroRoR,DE11,0.59
9,HydroRoR,DE12,0.59
9,HydroRoR,DE13,0.59
9,HydroRoR,DE14,0.59
9,HydroRoR,DE21,0.59
9,HydroRoR,DE22,0.59
9,HydroRoR,DE23,0.59
9,HydroRoR,DE24,0.59
9,HydroRoR,DE25,0.59
9,HydroRoR,DE26,0.59
9,HydroRoR,DE27,0.59
9,HydroRoR,DE40,0.59
9,HydroRoR,DE50,0.59
9,HydroRoR,DE60,0.59
9,HydroRoR,DE71,0.59
9,HydroRoR,DE72,0.59
9,HydroRoR,DE73,0.59
9,HydroRoR,DE80,0.59
9,HydroRoR,DE91,0.59
9,HydroRoR,DE92,0.59
9,HydroRoR,DEA1,0.59
9,HydroRoR,DEA2,0.59
9,HydroRoR,DEA4,0.59
9,HydroRoR,DEA5,0.59
9,HydroRoR,DEB1,0.59
9,HydroRoR,DEB2,0.59
9,HydroRoR,DEB3,0.59
9,HydroRoR,DED2,0.59
9,HydroRoR,DED4,0.59
9,HydroRoR,DED5,0.59
9,HydroRoR,DEE0,0.59
9,HydroRoR,DEG0,0.59
9,HydroRoR,EL52,0.23
9,HydroRoR,EL54,0.23
9,HydroRoR,EL63,0.23
9,HydroRoR,EL64,0.23
9,HydroRoR,ES24,0.7
9,HydroRoR,ES51,0.7
9,HydroRoR,FI19,0.38
9,HydroRoR,FI1B,0.38
9,HydroRoR,FI1C,0.38
9,HydroRoR,FI1D,0.38
9,HydroRoR,FRC2,0.66
9,HydroRoR,FRF1,0.66
9,HydroRoR,FRI1,0.66
9,HydroRoR,FRI2,0.66
9,HydroRoR,FRJ1,0.66
9,HydroRoR,FRJ2,0.66
9,HydroRoR,FRK2,0.66
9,HydroRoR,FRL0,0.66
9,HydroRoR,HR02,1.0
9,HydroRoR,HR03,1.0
9,HydroRoR,HU22,1.0
9,HydroRoR,HU31,1.0
9,HydroRoR,HU32,1.0
9,HydroRoR,IE04,0.68
9,HydroRoR,IE05,0.68
9,HydroRoR,IE06,0.68
9,HydroRoR,ITC1,0.62
9,HydroRoR,ITC2,0.62
9,HydroRoR,ITC3,0.62
9,HydroRoR,ITC4,0.62
9,HydroRoR,ITF1,0.62
9,HydroRoR,ITF2,0.62
9,HydroRoR,ITF3,0.62
9,HydroRoR,ITF6,0.62
9,HydroRoR,ITG1,0.62
9,HydroRoR,ITG2,0.62
9,HydroRoR,ITH1,0.62
9,HydroRoR,ITH2,0.62
9,HydroRoR,ITH3,0.62
9,HydroRoR,ITH4,0.62
9,HydroRoR,ITH5,0.62
9,HydroRoR,ITI1,0.62
9,HydroRoR,ITI2,0.62
9,HydroRoR,ITI3,0.62
9,HydroRoR,ITI4,0.62
9,HydroRoR,LV00,0.29
9,HydroRoR,PL21,0.44
9,HydroRoR,PL51,0.44
9,HydroRoR,PL61,0.44
9,HydroRoR,PT11,1.0
9,HydroRoR,PT16,1.0
9,HydroRoR,PT18,1.0
9,HydroRoR,RO11,0.77
9,HydroRoR,RO12,0.77
9,HydroRoR,RO21,0.77
9,HydroRoR,RO22,0.77
9,HydroRoR,RO31,0.77
9,HydroRoR,RO41,0.77
9,HydroRoR,RO42,0.77
9,HydroRoR,SE23,0.41
9,HydroRoR,SE31,0.41
9,HydroRoR,SE32,0.41
9,HydroRoR,SE33,0.41
9,HydroRoR,SI03,0.6
9,HydroRoR,SI04,0.6
9,HydroRoR,SK01,0.19
9,HydroRoR,SK02,0.19
9,HydroRoR,SK03,0.19
9,HydroRoR,UKL1,0.51
9,HydroRoR,UKM6,0.51
9,HydroRoR,UKM7,0.51
9,HydroRoR,UKM9,0.51
10,HydroRoR,AT12,0.22
10,HydroRoR,AT13,0.22
10,HydroRoR,AT21,0.22
10,HydroRoR,AT22,0.22
10,HydroRoR,AT31,0.22
10,HydroRoR,AT32,0.22
10,HydroRoR,AT33,0.22
10,HydroRoR,AT34,0.22
10,HydroRoR,BE33,0.5
10,HydroRoR,BE35,0.5
10,HydroRoR,BG34,0.11
10,HydroRoR,CH01,0.13
10,HydroRoR,CH02,0.13
10,HydroRoR,CH03,0.13
10,HydroRoR,CH04,0.13
10,HydroRoR,CH05,0.13
10,HydroRoR,CH06,0.13
10,HydroRoR,CH07,0.13
10,HydroRoR,CZ02,0.27
10,HydroRoR,CZ04,0.27
10,HydroRoR,DE11,0.58
10,HydroRoR,DE12,0.58
10,HydroRoR,DE13,0.58
10,HydroRoR,DE14,0.58
10,HydroRoR,DE21,0.58
10,HydroRoR,DE22,0.58
10,HydroRoR,DE23,0.58
10,HydroRoR,DE24,0.58
10,HydroRoR,DE25,0.58
10,HydroRoR,DE26,0.58
10,HydroRoR,DE27,0.58
10,HydroRoR,DE40,0.58
10,HydroRoR,DE50,0.58
10,HydroRoR,DE60,0.58
10,HydroRoR,DE71,0.58
10,HydroRoR,DE72,0.58
10,HydroRoR,DE73,0.58
10,HydroRoR,DE80,0.58
10,HydroRoR,DE91,0.58
10,HydroRoR,DE92,0.58
10,HydroRoR,DEA1,0.58
10,HydroRoR,DEA2,0.58
10,HydroRoR,DEA4,0.58
10,HydroRoR,DEA5,0.58
10,HydroRoR,DEB1,0.58
10,HydroRoR,DEB2,0.58
10,HydroRoR,DEB3,0.58
10,HydroRoR,DED2,0.58
10,HydroRoR,DED4,0.58
10,HydroRoR,DED5,0.58
10,HydroRoR,DEE0,0.58
10,HydroRoR,DEG0,0.58
10,HydroRoR,EL52,0.24
10,HydroRoR,EL54,0.24
10,HydroRoR,EL63,0.24
10,HydroRoR,EL64,0.24
10,HydroRoR,ES24,0.69
10,HydroRoR,ES51,0.69
10,HydroRoR,FI19,0.38
10,HydroRoR,FI1B,0.38
10,HydroRoR,FI1C,0.38
10,HydroRoR,FI1D,0.38
10,HydroRoR,FRC2,0.65
10,HydroRoR,FRF1,0.65
10,HydroRoR,FRI1,0.65
10,HydroRoR,FRI2,0.65
10,HydroRoR,FRJ1,0.65
10,HydroRoR,FRJ2,0.65
10,HydroRoR,FRK2,0.65
10,HydroRoR,FRL0,0.65
10,HydroRoR,HR02,1.0
10,HydroRoR,HR03,1.0
10,HydroRoR,HU22,1.0
10,HydroRoR,HU31,1.0
10,HydroRoR,HU32,1.0
10,HydroRoR,IE04,0.68
10,HydroRoR,IE05,0.68
10,HydroRoR,IE06,0.68
10,HydroRoR,ITC1,0.65
10,HydroRoR,ITC2,0.65
10,HydroRoR,ITC3,0.65
10,HydroRoR,ITC4,0.65
10,HydroRoR,ITF1,0.65
10,HydroRoR,ITF2,0.65
10,HydroRoR,ITF3,0.65
10,HydroRoR,ITF6,0.65
10,HydroRoR,ITG1,0.65
10,HydroRoR,ITG2,0.65
10,HydroRoR,ITH1,0.65
10,HydroRoR,ITH2,0.65
10,HydroRoR,ITH3,0.65
10,HydroRoR,ITH4,0.65
10,HydroRoR,ITH5,0.65
10,HydroRoR,ITI1,0.65
10,HydroRoR,ITI2,0.65
10,HydroRoR,ITI3,0.65
10,HydroRoR,ITI4,0.65
10,HydroRoR,LV00,0.28
10,HydroRoR,PL21,0.43
10,HydroRoR,PL51,0.43
10,HydroRoR,PL61,0.43
10,HydroRoR,PT11,1.0
10,HydroRoR,PT16,1.0
10,HydroRoR,PT18,1.0
10,HydroRoR,RO11,0.85
10,HydroRoR,RO12,0.85
10,HydroRoR,RO21,0.85
10,HydroRoR,RO22,0.85
10,HydroRoR,RO31,0.85
10,HydroRoR,RO41,0.85
10,HydroRoR,RO42,0.85
10,HydroRoR,SE23,0.41
10,HydroRoR,SE31,0.41
10,HydroRoR,SE32,0.41
10,HydroRoR,SE33,0.41
10,HydroRoR,SI03,0.61
10,HydroRoR,SI04,0.61
10,HydroRoR,SK01,0.19
10,HydroRoR,SK02,0.19
10,HydroRoR,SK03,0.19
10,HydroRoR,UKL1,0.51
10,HydroRoR,UKM6,0.51
10,HydroRoR,UKM7,0.51
10,HydroRoR,UKM9,0.51
11,HydroRoR,AT12,0.22
11,HydroRoR,AT13,0.22
11,HydroRoR,AT21,0.22
11,HydroRoR,AT22,0.22
11,HydroRoR,AT31,0.22
11,HydroRoR,AT32,0.22
11,HydroRoR,AT33,0.22
11,HydroRoR,AT34,0.22
11,HydroRoR,BE33,0.5
11,HydroRoR,BE35,0.5
11,HydroRoR,BG34,0.12
11,HydroRoR,CH01,0.13
11,HydroRoR,CH02,0.13
11,HydroRoR,CH03,0.13
11,HydroRoR,CH04,0.13
11,HydroRoR,CH05,0.13
11,HydroRoR,CH06,0.13
11,HydroRoR,CH07,0.13
11,HydroRoR,CZ02,0.27
11,HydroRoR,CZ04,0.27
11,HydroRoR,DE11,0.57
11,HydroRoR,DE12,0.57
11,HydroRoR,DE13,0.57
11,HydroRoR,DE14,0.57
11,HydroRoR,DE21,0.57
11,HydroRoR,DE22,0.57
11,HydroRoR,DE23,0.57
11,HydroRoR,DE24,0.57
11,HydroRoR,DE25,0.57
11,HydroRoR,DE26,0.57
11,HydroRoR,DE27,0.57
11,HydroRoR,DE40,0.57
11,HydroRoR,DE50,0.57
11,HydroRoR,DE60,0.57
11,HydroRoR,DE71,0.57
11,HydroRoR,DE72,0.57
11,HydroRoR,DE73,0.57
11,HydroRoR,DE80,0.57
11,HydroRoR,DE91,0.57
11,HydroRoR,DE92,0.57
11,HydroRoR,DEA1,0.57
11,HydroRoR,DEA2,0.57
11,HydroRoR,DEA4,0.57
11,HydroRoR,DEA5,0.57
11,HydroRoR,DEB1,0.57
11,HydroRoR,DEB2,0.57
11,HydroRoR,DEB3,0.57
11,HydroRoR,DED2,0.57
11,HydroRoR,DED4,0.57
11,HydroRoR,DED5,0.57
11,HydroRoR,DEE0,0.57
11,HydroRoR,DEG0,0.57
11,HydroRoR,EL52,0.26
11,HydroRoR,EL54,0.26
11,HydroRoR,EL63,0.26
11,HydroRoR,EL64,0.26
11,HydroRoR,ES24,0.7
11,HydroRoR,ES51,0.7
11,HydroRoR,FI19,0.38
11,HydroRoR,FI1B,0.38
11,HydroRoR,FI1C,0.38
11,HydroRoR,FI1D,0.38
11,HydroRoR,FRC2,0.64
11,HydroRoR,FRF1,0.64
11,HydroRoR,FRI1,0.64
11,HydroRoR,FRI2,0.64
11,HydroRoR,FRJ1,0.64
11,HydroRoR,FRJ2,0.64
11,HydroRoR,FRK2,0.64
11,HydroRoR,FRL0,0.64
11,HydroRoR,HR02,1.0
11,HydroRoR,HR03,1.0
11,HydroRoR,HU22,1.0
11,HydroRoR,HU31,1.0
11,HydroRoR,HU32,1.0
11,HydroRoR,IE04,0.69
11,HydroRoR,IE05,0.69
11,HydroRoR,IE06,0.69
11,HydroRoR,ITC1,0.67
11,HydroRoR,ITC2,0.67
11,HydroRoR,ITC3,0.67
11,HydroRoR,ITC4,0.67
11,HydroRoR,ITF1,0.67
11,HydroRoR,ITF2,0.67
11,HydroRoR,ITF3,0.67
11,HydroRoR,ITF6,0.67
11,HydroRoR,ITG1,0.67
11,HydroRoR,ITG2,0.67
11,HydroRoR,ITH1,0.67
11,HydroRoR,ITH2,0.67
11,HydroRoR,ITH3,0.67
11,HydroRoR,ITH4,0.67
11,HydroRoR,ITH5,0.67
11,HydroRoR,ITI1,0.67
11,HydroRoR,ITI2,0.67
11,HydroRoR,ITI3,0.67
11,HydroRoR,ITI4,0.67
11,HydroRoR,LV00,0.28
11,HydroRoR,PL21,0.42
11,HydroRoR,PL51,0.42
11,HydroRoR,PL61,0.42
11,HydroRoR,PT11,1.0
11,HydroRoR,PT16,1.0
11,HydroRoR,PT18,1.0
11,HydroRoR,RO11,0.9
11,HydroRoR,RO12,0.9
11,HydroRoR,RO21,0.9
11,HydroRoR,RO22,0.9
11,HydroRoR,RO31,0.9
11,HydroRoR,RO41,0.9
11,HydroRoR,RO42,0.9
11,HydroRoR,SE23,0.41
11,HydroRoR,SE31,0.41
11,HydroRoR,SE32,0.41
11,HydroRoR,SE33,0.41
11,HydroRoR,SI03,0.61
11,HydroRoR,SI04,0.61
11,HydroRoR,SK01,0.18
11,HydroRoR,SK02,0.18
11,HydroRoR,SK03,0.18
11,HydroRoR,UKL1,0.51
11,HydroRoR,UKM6,0.51
11,HydroRoR,UKM7,0.51
11,HydroRoR,UKM9,0.51
12,HydroRoR,AT12,0.22
12,HydroRoR,AT13,0.22
12,HydroRoR,AT21,0.22
12,HydroRoR,AT22,0.22
12,HydroRoR,AT31,0.22
12,HydroRoR,AT32,0.22
12,HydroRoR,AT33,0.22
12,HydroRoR,AT34,0.22
12,HydroRoR,BE33,0.5
12,HydroRoR,BE35,0.5
12,HydroRoR,BG34,0.12
12,HydroRoR,CH01,0.13
12,HydroRoR,CH02,0.13
12,HydroRoR,CH03,0.13
12,HydroRoR,CH04,0.13
12,HydroRoR,CH05,0.13
12,HydroRoR,CH06,0.13
12,HydroRoR,CH07,0.13
12,HydroRoR,CZ02,0.27
12,HydroRoR,CZ04,0.27
12,HydroRoR,DE11,0.56
12,HydroRoR,DE12,0.56
12,HydroRoR,DE13,0.56
12,HydroRoR,DE14,0.56
12,HydroRoR,DE21,0.56
12,HydroRoR,DE22,0.56
12,HydroRoR,DE23,0.56
12,HydroRoR,DE24,0.56
12,HydroRoR,DE25,0.56
12,HydroRoR,DE26,0.56
12,HydroRoR,DE27,0.56
12,HydroRoR,DE40,0.56
12,HydroRoR,DE50,0.56
12,HydroRoR,DE60,0.56
12,HydroRoR,DE71,0.56
12,HydroRoR,DE72,0.56
12,HydroRoR,DE73,0.56
12,HydroRoR,DE80,0.56
12,HydroRoR,DE91,0.56
12,HydroRoR,DE92,0.56
12,HydroRoR,DEA1,0.56
12,HydroRoR,DEA2,0.56
12,HydroRoR,DEA4,0.56
12,HydroRoR,DEA5,0.56
12,HydroRoR,DEB1,0.56
12,HydroRoR,DEB2,0.56
12,HydroRoR,DEB3,0.56
12,HydroRoR,DED2,0.56
12,HydroRoR,DED4,0.56
12,HydroRoR,DED5,0.56
12,HydroRoR,DEE0,0.56
12,HydroRoR,DEG0,0.56
12,HydroRoR,EL52,0.27
12,HydroRoR,EL54,0.27
12,HydroRoR,EL63,0.27
12,HydroRoR,EL64,0.27
12,HydroRoR,ES24,0.7
12,HydroRoR,ES51,0.7
12,HydroRoR,FI19,0.37
12,HydroRoR,FI1B,0.37
12,HydroRoR,FI1C,0.37
12,HydroRoR,FI1D,0.37
12,HydroRoR,FRC2,0.64
12,HydroRoR,FRF1,0.64
12,HydroRoR,FRI1,0.64
12,HydroRoR,FRI2,0.64
12,HydroRoR,FRJ1,0.64
12,HydroRoR,FRJ2,0.64
12,HydroRoR,FRK2,0.64
12,HydroRoR,FRL0,0.64
12,HydroRoR,HR02,1.0
12,HydroRoR,HR03,1.0
12,HydroRoR,HU22,1.0
12,HydroRoR,HU31,1.0
12,HydroRoR,HU32,1.0
12,HydroRoR,IE04,0.69
12,HydroRoR,IE05,0.69
12,HydroRoR,IE06,0.69
12,HydroRoR,ITC1,0.68
12,HydroRoR,ITC2,0.68
12,HydroRoR,ITC3,0.68
12,HydroRoR,ITC4,0.68
12,HydroRoR,ITF1,0.68
12,HydroRoR,ITF2,0.68
12,HydroRoR,ITF3,0.68
12,HydroRoR,ITF6,0.68
12,HydroRoR,ITG1,0.68
12,HydroRoR,ITG2,0.68
12,HydroRoR,ITH1,0.68
12,HydroRoR,ITH2,0.68
12,HydroRoR,ITH3,0.68
12,HydroRoR,ITH4,0.68
12,HydroRoR,ITH5,0.68
12,HydroRoR,ITI1,0.68
12,HydroRoR,ITI2,0.68
12,HydroRoR,ITI3,0.68
12,HydroRoR,ITI4,0.68
12,HydroRoR,LV00,0.27
12,HydroRoR,PL21,0.42
12,HydroRoR,PL51,0.42
12,HydroRoR,PL61,0.42
12,HydroRoR,PT11,1.0
12,HydroRoR,PT16,1.0
12,HydroRoR,PT18,1.0
12,HydroRoR,RO11,0.91
12,HydroRoR,RO12,0.91
12,HydroRoR,RO21,0.91
12,HydroRoR,RO22,0.91
12,HydroRoR,RO31,0.91
12,HydroRoR,RO41,0.91
12,HydroRoR,RO42,0.91
12,HydroRoR,SE23,0.41
12,HydroRoR,SE31,0.41
12,HydroRoR,SE32,0.41
12,HydroRoR,SE33,0.41
12,HydroRoR,SI03,0.62
12,HydroRoR,SI04,0.62
12,HydroRoR,SK01,0.18
12,HydroRoR,SK02,0.18
12,HydroRoR,SK03,0.18
12,HydroRoR,UKL1,0.51
12,HydroRoR,UKM6,0.51
12,HydroRoR,UKM7,0.51
12,HydroRoR,UKM9,0.51
13,HydroRoR,AT12,0.23
13,HydroRoR,AT13,0.23
13,HydroRoR,AT21,0.23
13,HydroRoR,AT22,0.23
13,HydroRoR,AT31,0.23
13,HydroRoR,AT32,0.23
13,HydroRoR,AT33,0.23
13,HydroRoR,AT34,0.23
13,HydroRoR,BE33,0.51
13,HydroRoR,BE35,0.51
13,HydroRoR,BG34,0.12
13,HydroRoR,CH01,0.13
13,HydroRoR,CH02,0.13
13,HydroRoR,CH03,0.13
13,HydroRoR,CH04,0.13
13,HydroRoR,CH05,0.13
13,HydroRoR,CH06,0.13
13,HydroRoR,CH07,0.13
13,HydroRoR,CZ02,0.26
13,HydroRoR,CZ04,0.26
13,HydroRoR,DE11,0.55
13,HydroRoR,DE12,0.55
13,HydroRoR,DE13,0.55
13,HydroRoR,DE14,0.55
13,HydroRoR,DE21,0.55
13,HydroRoR,DE22,0.55
13,HydroRoR,DE23,0.55
13,HydroRoR,DE24,0.55
13,HydroRoR,DE25,0.55
13,HydroRoR,DE26,0.55
13,HydroRoR,DE27,0.55
13,HydroRoR,DE40,0.55
13,HydroRoR,DE50,0.55
13,HydroRoR,DE60,0.55
13,HydroRoR,DE71,0.55
13,HydroRoR,DE72,0.55
13,HydroRoR,DE73,0.55
13,HydroRoR,DE80,0.55
13,HydroRoR,DE91,0.55
13,HydroRoR,DE92,0.55
13,HydroRoR,DEA1,0.55
13,HydroRoR,DEA2,0.55
13,HydroRoR,DEA4,0.55
13,HydroRoR,DEA5,0.55
13,HydroRoR,DEB1,0.55
13,HydroRoR,DEB2,0.55
13,HydroRoR,DEB3,0.55
13,HydroRoR,DED2,0.55
13,HydroRoR,DED4,0.55
13,HydroRoR,DED5,0.55
13,HydroRoR,DEE0,0.55
13,HydroRoR,DEG0,0.55
13,HydroRoR,EL52,0.29
13,HydroRoR,EL54,0.29
13,HydroRoR,EL63,0.29
13,HydroRoR,EL64,0.29
13,HydroRoR,ES24,0.71
13,HydroRoR,ES51,0.71
13,HydroRoR,FI19,0.37
13,HydroRoR,FI1B,0.37
13,HydroRoR,FI1C,0.37
13,HydroRoR,FI1D,0.37
13,HydroRoR,FRC2,0.63
13,HydroRoR,FRF1,0.63
13,HydroRoR,FRI1,0.63
13,HydroRoR,FRI2,0.63
13,HydroRoR,FRJ1,0.63
13,HydroRoR,FRJ2,0.63
13,HydroRoR,FRK2,0.63
13,HydroRoR,FRL0,0.63
13,HydroRoR,HR02,1.0
13,HydroRoR,HR03,1.0
13,HydroRoR,HU22,1.0
13,HydroRoR,HU31,1.0
13,HydroRoR,HU32,1.0
13,HydroRoR,IE04,0.69
13,HydroRoR,IE05,0.69
13,HydroRoR,IE06,0.69
13,HydroRoR,ITC1,0.68
13,HydroRoR,ITC2,0.68
13,HydroRoR,ITC3,0.68
13,HydroRoR,ITC4,0.68
13,HydroRoR,ITF1,0.68
13,HydroRoR,ITF2,0.68
13,HydroRoR,ITF3,0.68
13,HydroRoR,ITF6,0.68
13,HydroRoR,ITG1,0.68
13,HydroRoR,ITG2,0.68
13,HydroRoR,ITH1,0.68
13,HydroRoR,ITH2,0.68
13,HydroRoR,ITH3,0.68
13,HydroRoR,ITH4,0.68
13,HydroRoR,ITH5,0.68
13,HydroRoR,ITI1,0.68
13,HydroRoR,ITI2,0.68
13,HydroRoR,ITI3,0.68
13,HydroRoR,ITI4,0.68
13,HydroRoR,LV00,0.27
13,HydroRoR,PL21,0.41
13,HydroRoR,PL51,0.41
13,HydroRoR,PL61,0.41
13,HydroRoR,PT11,1.0
13,HydroRoR,PT16,1.0
13,HydroRoR,PT18,1.0
13,HydroRoR,RO11,0.9
13,HydroRoR,RO12,0.9
13,HydroRoR,RO21,0.9
13,HydroRoR,RO22,0.9
13,HydroRoR,RO31,0.9
13,HydroRoR,RO41,0.9
13,HydroRoR,RO42,0.9
13,HydroRoR,SE23,0.41
13,HydroRoR,SE31,0.41
13,HydroRoR,SE32,0.41
13,HydroRoR,SE33,0.41
13,HydroRoR,SI03,0.63
13,HydroRoR,SI04,0.63
13,HydroRoR,SK01,0.18
13,HydroRoR,SK02,0.18
13,HydroRoR,SK03,0.18
13,HydroRoR,UKL1,0.51
13,HydroRoR,UKM6,0.51
13,HydroRoR,UKM7,0.51
13,HydroRoR,UKM9,0.51
14,HydroRoR,AT12,0.23
14,HydroRoR,AT13,0.23
14,HydroRoR,AT21,0.23
14,HydroRoR,AT22,0.23
14,HydroRoR,AT31,0.23
14,HydroRoR,AT32,0.23
14,HydroRoR,AT33,0.23
14,HydroRoR,AT34,0.23
14,HydroRoR,BE33,0.51
14,HydroRoR,BE35,0.51
14,HydroRoR,BG34,0.13
14,HydroRoR,CH01,0.13
14,HydroRoR,CH02,0.13
14,HydroRoR,CH03,0.13
14,HydroRoR,CH04,0.13
14,HydroRoR,CH05,0.13
14,HydroRoR,CH06,0.13
14,HydroRoR,CH07,0.13
14,HydroRoR,CZ02,0.26
14,HydroRoR,CZ04,0.26
14,HydroRoR,DE11,0.55
14,HydroRoR,DE12,0.55
14,HydroRoR,DE13,0.55
14,HydroRoR,DE14,0.55
14,HydroRoR,DE21,0.55
14,HydroRoR,DE22,0.55
14,HydroRoR,DE23,0.55
14,HydroRoR,DE24,0.55
14,HydroRoR,DE25,0.55
14,HydroRoR,DE26,0.55
14,HydroRoR,DE27,0.55
14,HydroRoR,DE40,0.55
14,HydroRoR,DE50,0.55
14,HydroRoR,DE60,0.55
14,HydroRoR,DE71,0.55
14,HydroRoR,DE72,0.55
14,HydroRoR,DE73,0.55
14,HydroRoR,DE80,0.55
14,HydroRoR,DE91,0.55
14,HydroRoR,DE92,0.55
14,HydroRoR,DEA1,0.55
14,HydroRoR,DEA2,0.55
14,HydroRoR,DEA4,0.55
14,HydroRoR,DEA5,0.55
14,HydroRoR,DEB1,0.55
14,HydroRoR,DEB2,0.55
14,HydroRoR,DEB3,0.55
14,HydroRoR,DED2,0.55
14,HydroRoR,DED4,0.55
14,HydroRoR,DED5,0.55
14,HydroRoR,DEE0,0.55
14,HydroRoR,DEG0,0.55
14,HydroRoR,EL52,0.31
14,HydroRoR,EL54,0.31
14,HydroRoR,EL63,0.31
14,HydroRoR,EL64,0.31
14,HydroRoR,ES24,0.71
14,HydroRoR,ES51,0.71
14,HydroRoR,FI19,0.37
14,HydroRoR,FI1B,0.37
14,HydroRoR,FI1C,0.37
14,HydroRoR,FI1D,0.37
14,HydroRoR,FRC2,0.63
14,HydroRoR,FRF1,0.63
14,HydroRoR,FRI1,0.63
14,HydroRoR,FRI2,0.63
14,HydroRoR,FRJ1,0.63
14,HydroRoR,FRJ2,0.63
14,HydroRoR,FRK2,0.63
14,HydroRoR,FRL0,0.63
14,HydroRoR,HR02,1.0
14,HydroRoR,HR03,1.0
14,HydroRoR,HU22,1.0
14,HydroRoR,HU31,1.0
14,HydroRoR,HU32,1.0
14,HydroRoR,IE04,0.69
14,HydroRoR,IE05,0.69
14,HydroRoR,IE06,0.69
14,HydroRoR,ITC1,0.68
14,HydroRoR,ITC2,0.68
14,HydroRoR,ITC3,0.68
14,HydroRoR,ITC4,0.68
14,HydroRoR,ITF1,0.68
14,HydroRoR,ITF2,0.68
14,HydroRoR,ITF3,0.68
14,HydroRoR,ITF6,0.68
14,HydroRoR,ITG1,0.68
14,HydroRoR,ITG2,0.68
14,HydroRoR,ITH1,0.68
14,HydroRoR,ITH2,0.68
14,HydroRoR,ITH3,0.68
14,HydroRoR,ITH4,0.68
14,HydroRoR,ITH5,0.68
14,HydroRoR,ITI1,0.68
14,HydroRoR,ITI2,0.68
14,HydroRoR,ITI3,0.68
14,HydroRoR,ITI4,0.68
14,HydroRoR,LV00,0.26
14,HydroRoR,PL21,0.4
14,HydroRoR,PL51,0.4
14,HydroRoR,PL61,0.4
14,HydroRoR,PT11,1.0
14,HydroRoR,PT16,1.0
14,HydroRoR,PT18,1.0
14,HydroRoR,RO11,0.88
14,HydroRoR,RO12,0.88
14,HydroRoR,RO21,0.88
14,HydroRoR,RO22,0.88
14,HydroRoR,RO31,0.88
14,HydroRoR,RO41,0.88
14,HydroRoR,RO42,0.88
14,HydroRoR,SE23,0.41
14,HydroRoR,SE31,0.41
14,HydroRoR,SE32,0.41
14,HydroRoR,SE33,0.41
14,HydroRoR,SI03,0.63
14,HydroRoR,SI04,0.63
14,HydroRoR,SK01,0.17
14,HydroRoR,SK02,0.17
14,HydroRoR,SK03,0.17
14,HydroRoR,UKL1,0.51
14,HydroRoR,UKM6,0.51
14,HydroRoR,UKM7,0.51
14,HydroRoR,UKM9,0.51
15,HydroRoR,AT12,0.23
15,HydroRoR,AT13,0.23
15,HydroRoR,AT21,0.23
15,HydroRoR,AT22,0.23
15,HydroRoR,AT31,0.23
15,HydroRoR,AT32,0.23
15,HydroRoR,AT33,0.23
15,HydroRoR,AT34,0.23
15,HydroRoR,BE33,0.51
15,HydroRoR,BE35,0.51
15,HydroRoR,BG34,0.12
15,HydroRoR,CH01,0.14
15,HydroRoR,CH02,0.14
15,HydroRoR,CH03,0.14
15,HydroRoR,CH04,0.14
15,HydroRoR,CH05,0.14
15,HydroRoR,CH06,0.14
15,HydroRoR,CH07,0.14
15,HydroRoR,CZ02,0.26
15,HydroRoR,CZ04,0.26
15,HydroRoR,DE11,0.54
15,HydroRoR,DE12,0.54
15,HydroRoR,DE13,0.54
15,HydroRoR,DE14,0.54
15,HydroRoR,DE21,0.54
15,HydroRoR,DE22,0.54
15,HydroRoR,DE23,0.54
15,HydroRoR,DE24,0.54
15,HydroRoR,DE25,0.54
15,HydroRoR,DE26,0.54
15,HydroRoR,DE27,0.54
15,HydroRoR,DE40,0.54
15,HydroRoR,DE50,0.54
15,HydroRoR,DE60,0.54
15,HydroRoR,DE71,0.54
15,HydroRoR,DE72,0.54
15,HydroRoR,DE73,0.54
15,HydroRoR,DE80,0.54
15,HydroRoR,DE91,0.54
15,HydroRoR,DE92,0.54
15,HydroRoR,DEA1,0.54
15,HydroRoR,DEA2,0.54
15,HydroRoR,DEA4,0.54
15,HydroRoR,DEA5,0.54
15,HydroRoR,DEB1,0.54
15,HydroRoR,DEB2,0.54
15,HydroRoR,DEB3,0.54
15,HydroRoR,DED2,0.54
15,HydroRoR,DED4,0.54
15,HydroRoR,DED5,0.54
15,HydroRoR,DEE0,0.54
15,HydroRoR,DEG0,0.54
15,HydroRoR,EL52,0.32
15,HydroRoR,EL54,0.32
15,HydroRoR,EL63,0.32
15,HydroRoR,EL64,0.32
15,HydroRoR,ES24,0.71
15,HydroRoR,ES51,0.71
15,HydroRoR,FI19,0.36
15,HydroRoR,FI1B,0.36
15,HydroRoR,FI1C,0.36
15,HydroRoR,FI1D,0.36
15,HydroRoR,FRC2,0.62
15,HydroRoR,FRF1,0.62
15,HydroRoR,FRI1,0.62
15,HydroRoR,FRI2,0.62
15,HydroRoR,FRJ1,0.62
15,HydroRoR,FRJ2,0.62
15,HydroRoR,FRK2,0.62
15,HydroRoR,FRL0,0.62
15,HydroRoR,HR02,1.0
15,HydroRoR,HR03,1.0
15,HydroRoR,HU22,1.0
15,HydroRoR,HU31,1.0
15,HydroRoR,HU32,1.0
15,HydroRoR,IE04,0.69
15,HydroRoR,IE05,0.69
15,HydroRoR,IE06,0.69
15,HydroRoR,ITC1,0.68
15,HydroRoR,ITC2,0.68
15,HydroRoR,ITC3,0.68
15,HydroRoR,ITC4,0.68
15,HydroRoR,ITF1,0.68
15,HydroRoR,ITF2,0.68
15,HydroRoR,ITF3,0.68
15,HydroRoR,ITF6,0.68
15,HydroRoR,ITG1,0.68
15,HydroRoR,ITG2,0.68
15,HydroRoR,ITH1,0.68
15,HydroRoR,ITH2,0.68
15,HydroRoR,ITH3,0.68
15,HydroRoR,ITH4,0.68
15,HydroRoR,ITH5,0.68
15,HydroRoR,ITI1,0.68
15,HydroRoR,ITI2,0.68
15,HydroRoR,ITI3,0.68
15,HydroRoR,ITI4,0.68
15,HydroRoR,LV00,0.26
15,HydroRoR,PL21,0.39
15,HydroRoR,PL51,0.39
15,HydroRoR,PL61,0.39
15,HydroRoR,PT11,1.0
15,HydroRoR,PT16,1.0
15,HydroRoR,PT18,1.0
15,HydroRoR,RO11,0.86
15,HydroRoR,RO12,0.86
15,HydroRoR,RO21,0.86
15,HydroRoR,RO22,0.86
15,HydroRoR,RO31,0.86
15,HydroRoR,RO41,0.86
15,HydroRoR,RO42,0.86
15,HydroRoR,SE23,0.41
15,HydroRoR,SE31,0.41
15,HydroRoR,SE32,0.41
15,HydroRoR,SE33,0.41
15,HydroRoR,SI03,0.63
15,HydroRoR,SI04,0.63
15,HydroRoR,SK01,0.17
15,HydroRoR,SK02,0.17
15,HydroRoR,SK03,0.17
15,HydroRoR,UKL1,0.51
15,HydroRoR,UKM6,0.51
15,HydroRoR,UKM7,0.51
15,HydroRoR,UKM9,0.51
16,HydroRoR,AT12,0.23
16,HydroRoR,AT13,0.23
16,HydroRoR,AT21,0.23
16,HydroRoR,AT22,0.23
16,HydroRoR,AT31,0.23
16,HydroRoR,AT32,0.23
16,HydroRoR,AT33,0.23
16,HydroRoR,AT34,0.23
16,HydroRoR,BE33,0.51
16,HydroRoR,BE35,0.51
16,HydroRoR,BG34,0.13
16,HydroRoR,CH01,0.14
16,HydroRoR,CH02,0.14
16,HydroRoR,CH03,0.14
16,HydroRoR,CH04,0.14
16,HydroRoR,CH05,0.14
16,HydroRoR,CH06,0.14
16,HydroRoR,CH07,0.14
16,HydroRoR,CZ02,0.26
16,HydroRoR,CZ04,0.26
16,HydroRoR,DE11,0.54
16,HydroRoR,DE12,0.54
16,HydroRoR,DE13,0.54
16,HydroRoR,DE14,0.54
16,HydroRoR,DE21,0.54
16,HydroRoR,DE22,0.54
16,HydroRoR,DE23,0.54
16,HydroRoR,DE24,0.54
16,HydroRoR,DE25,0.54
16,HydroRoR,DE26,0.54
16,HydroRoR,DE27,0.54
16,HydroRoR,DE40,0.54
16,HydroRoR,DE50,0.54
16,HydroRoR,DE60,0.54
16,HydroRoR,DE71,0.54
16,HydroRoR,DE72,0.54
16,HydroRoR,DE73,0.54
16,HydroRoR,DE80,0.54
16,HydroRoR,DE91,0.54
16,HydroRoR,DE92,0.54
16,HydroRoR,DEA1,0.54
16,HydroRoR,DEA2,0.54
16,HydroRoR,DEA4,0.54
16,HydroRoR,DEA5,0.54
16,HydroRoR,DEB1,0.54
16,HydroRoR,DEB2,0.54
16,HydroRoR,DEB3,0.54
16,HydroRoR,DED2,0.54
16,HydroRoR,DED4,0.54
16,HydroRoR,DED5,0.54
16,HydroRoR,DEE0,0.54
16,HydroRoR,DEG0,0.54
16,HydroRoR,EL52,0.34
16,HydroRoR,EL54,0.34
16,HydroRoR,EL63,0.34
16,HydroRoR,EL64,0.34
16,HydroRoR,ES24,0.71
16,HydroRoR,ES51,0.71
16,HydroRoR,FI19,0.36
16,HydroRoR,FI1B,0.36
16,HydroRoR,FI1C,0.36
16,HydroRoR,FI1D,0.36
16,HydroRoR,FRC2,0.6
16,HydroRoR,FRF1,0.6
16,HydroRoR,FRI1,0.6
16,HydroRoR,FRI2,0.6
16,HydroRoR,FRJ1,0.6
16,HydroRoR,FRJ2,0.6
16,HydroRoR,FRK2,0.6
16,HydroRoR,FRL0,0.6
16,HydroRoR,HR02,1.0
16,HydroRoR,HR03,1.0
16,HydroRoR,HU22,1.0
16,HydroRoR,HU31,1.0
16,HydroRoR,HU32,1.0
16,HydroRoR,IE04,0.69
16,HydroRoR,IE05,0.69
16,HydroRoR,IE06,0.69
16,HydroRoR,ITC1,0.67
16,HydroRoR,ITC2,0.67
16,HydroRoR,ITC3,0.67
16,HydroRoR,ITC4,0.67
16,HydroRoR,ITF1,0.67
16,HydroRoR,ITF2,0.67
16,HydroRoR,ITF3,0.67
16,HydroRoR,ITF6,0.67
16,HydroRoR,ITG1,0.67
16,HydroRoR,ITG2,0.67
16,HydroRoR,ITH1,0.67
16,HydroRoR,ITH2,0.67
16,HydroRoR,ITH3,0.67
16,HydroRoR,ITH4,0.67
16,HydroRoR,ITH5,0.67
16,HydroRoR,ITI1,0.67
16,HydroRoR,ITI2,0.67
16,HydroRoR,ITI3,0.67
16,HydroRoR,ITI4,0.67
16,HydroRoR,LV00,0.26
16,HydroRoR,PL21,0.39
16,HydroRoR,PL51,0.39
16,HydroRoR,PL61,0.39
16,HydroRoR,PT11,1.0
16,HydroRoR,PT16,1.0
16,HydroRoR,PT18,1.0
16,HydroRoR,RO11,0.83
16,HydroRoR,RO12,0.83
16,HydroRoR,RO21,0.83
16,HydroRoR,RO22,0.83
16,HydroRoR,RO31,0.83
16,HydroRoR,RO41,0.83
16,HydroRoR,RO42,0.83
16,HydroRoR,SE23,0.41
16,HydroRoR,SE31,0.41
16,HydroRoR,SE32,0.41
16,HydroRoR,SE33,0.41
16,HydroRoR,SI03,0.64
16,HydroRoR,SI04,0.64
16,HydroRoR,SK01,0.16
16,HydroRoR,SK02,0.16
16,HydroRoR,SK03,0.16
16,HydroRoR,UKL1,0.51
16,HydroRoR,UKM6,0.51
16,HydroRoR,UKM7,0.51
16,HydroRoR,UKM9,0.51
17,HydroRoR,AT12,0.23
17,HydroRoR,AT13,0.23
17,HydroRoR,AT21,0.23
17,HydroRoR,AT22,0.23
17,HydroRoR,AT31,0.23
17,HydroRoR,AT32,0.23
17,HydroRoR,AT33,0.23
17,HydroRoR,AT34,0.23
17,HydroRoR,BE33,0.51
17,HydroRoR,BE35,0.51
17,HydroRoR,BG34,0.13
17,HydroRoR,CH01,0.14
17,HydroRoR,CH02,0.14
17,HydroRoR,CH03,0.14
17,HydroRoR,CH04,0.14
17,HydroRoR,CH05,0.14
17,HydroRoR,CH06,0.14
17,HydroRoR,CH07,0.14
17,HydroRoR,CZ02,0.26
17,HydroRoR,CZ04,0.26
17,HydroRoR,DE11,0.54
17,HydroRoR,DE12,0.54
17,HydroRoR,DE13,0.54
17,HydroRoR,DE14,0.54
17,HydroRoR,DE21,0.54
17,HydroRoR,DE22,0.54
17,HydroRoR,DE23,0.54
17,HydroRoR,DE24,0.54
17,HydroRoR,DE25,0.54
17,HydroRoR,DE26,0.54
17,HydroRoR,DE27,0.54
17,HydroRoR,DE40,0.54
17,HydroRoR,DE50,0.54
17,HydroRoR,DE60,0.54
17,HydroRoR,DE71,0.54
17,HydroRoR,DE72,0.54
17,HydroRoR,DE73,0.54
17,HydroRoR,DE80,0.54
17,HydroRoR,DE91,0.54
17,HydroRoR,DE92,0.54
17,HydroRoR,DEA1,0.54
17,HydroRoR,DEA2,0.54
17,HydroRoR,DEA4,0.54
17,HydroRoR,DEA5,0.54
17,HydroRoR,DEB1,0.54
17,HydroRoR,DEB2,0.54
17,HydroRoR,DEB3,0.54
17,HydroRoR,DED2,0.54
17,HydroRoR,DED4,0.54
17,HydroRoR,DED5,0.54
17,HydroRoR,DEE0,0.54
17,HydroRoR,DEG0,0.54
17,HydroRoR,EL52,0.37
17,HydroRoR,EL54,0.37
17,HydroRoR,EL63,0.37
17,HydroRoR,EL64,0.37
17,HydroRoR,ES24,0.7
17,HydroRoR,ES51,0.7
17,HydroRoR,FI19,0.36
17,HydroRoR,FI1B,0.36
17,HydroRoR,FI1C,0.36
17,HydroRoR,FI1D,0.36
17,HydroRoR,FRC2,0.59
17,HydroRoR,FRF1,0.59
17,HydroRoR,FRI1,0.59
17,HydroRoR,FRI2,0.59
17,HydroRoR,FRJ1,0.59
17,HydroRoR,FRJ2,0.59
17,HydroRoR,FRK2,0.59
17,HydroRoR,FRL0,0.59
17,HydroRoR,HR02,1.0
17,HydroRoR,HR03,1.0
17,HydroRoR,HU22,1.0
17,HydroRoR,HU31,1.0
17,HydroRoR,HU32,1.0
17,HydroRoR,IE04,0.69
17,HydroRoR,IE05,0.69
17,HydroRoR,IE06,0.69
17,HydroRoR,ITC1,0.66
17,HydroRoR,ITC2,0.66
17,HydroRoR,ITC3,0.66
17,HydroRoR,ITC4,0.66
17,HydroRoR,ITF1,0.66
17,HydroRoR,ITF2,0.66
17,HydroRoR,ITF3,0.66
17,HydroRoR,ITF6,0.66
17,HydroRoR,ITG1,0.66
17,HydroRoR,ITG2,0.66
17,HydroRoR,ITH1,0.66
17,HydroRoR,ITH2,0.66
17,HydroRoR,ITH3,0.66
17,HydroRoR,ITH4,0.66
17,HydroRoR,ITH5,0.66
17,HydroRoR,ITI1,0.66
17,HydroRoR,ITI2,0.66
17,HydroRoR,ITI3,0.66
17,HydroRoR,ITI4,0.66
17,HydroRoR,LV00,0.26
17,HydroRoR,PL21,0.38
17,HydroRoR,PL51,0.38
17,HydroRoR,PL61,0.38
17,HydroRoR,PT11,1.0
17,HydroRoR,PT16,1.0
17,HydroRoR,PT18,1.0
17,HydroRoR,RO11,0.8
17,HydroRoR,RO12,0.8
17,HydroRoR,RO21,0.8
17,HydroRoR,RO22,0.8
17,HydroRoR,RO31,0.8
17,HydroRoR,RO41,0.8
17,HydroRoR,RO42,0.8
17,HydroRoR,SE23,0.41
17,HydroRoR,SE31,0.41
17,HydroRoR,SE32,0.41
17,HydroRoR,SE33,0.41
17,HydroRoR,SI03,0.64
17,HydroRoR,SI04,0.64
17,HydroRoR,SK01,0.16
17,HydroRoR,SK02,0.16
17,HydroRoR,SK03,0.16
17,HydroRoR,UKL1,0.51
17,HydroRoR,UKM6,0.51
17,HydroRoR,UKM7,0.51
17,HydroRoR,UKM9,0.51
18,HydroRoR,AT12,0.23
18,HydroRoR,AT13,0.23
18,HydroRoR,AT21,0.23
18,HydroRoR,AT22,0.23
18,HydroRoR,AT31,0.23
18,HydroRoR,AT32,0.23
18,HydroRoR,AT33,0.23
18,HydroRoR,AT34,0.23
18,HydroRoR,BE33,0.52
18,HydroRoR,BE35,0.52
18,HydroRoR,BG34,0.12
18,HydroRoR,CH01,0.14
18,HydroRoR,CH02,0.14
18,HydroRoR,CH03,0.14
18,HydroRoR,CH04,0.14
18,HydroRoR,CH05,0.14
18,HydroRoR,CH06,0.14
18,HydroRoR,CH07,0.14
18,HydroRoR,CZ02,0.25
18,HydroRoR,CZ04,0.25
18,HydroRoR,DE11,0.54
18,HydroRoR,DE12,0.54
18,HydroRoR,DE13,0.54
18,HydroRoR,DE14,0.54
18,HydroRoR,DE21,0.54
18,HydroRoR,DE22,0.54
18,HydroRoR,DE23,0.54
18,HydroRoR,DE24,0.54
18,HydroRoR,DE25,0.54
18,HydroRoR,DE26,0.54
18,HydroRoR,DE27,0.54
18,HydroRoR,DE40,0.54
18,HydroRoR,DE50,0.54
18,HydroRoR,DE60,0.54
18,HydroRoR,DE71,0.54
18,HydroRoR,DE72,0.54
18,HydroRoR,DE73,0.54
18,HydroRoR,DE80,0.54
18,HydroRoR,DE91,0.54
18,HydroRoR,DE92,0.54
18,HydroRoR,DEA1,0.54
18,HydroRoR,DEA2,0.54
18,HydroRoR,DEA4,0.54
18,HydroRoR,DEA5,0.54
18,HydroRoR,DEB1,0.54
18,HydroRoR,DEB2,0.54
18,HydroRoR,DEB3,0.54
18,HydroRoR,DED2,0.54
18,HydroRoR,DED4,0.54
18,HydroRoR,DED5,0.54
18,HydroRoR,DEE0,0.54
18,HydroRoR,DEG0,0.54
18,HydroRoR,EL52,0.4
18,HydroRoR,EL54,0.4
18,HydroRoR,EL63,0.4
18,HydroRoR,EL64,0.4
18,HydroRoR,ES24,0.69
18,HydroRoR,ES51,0.69
18,HydroRoR,FI19,0.36
18,HydroRoR,FI1B,0.36
18,HydroRoR,FI1C,0.36
18,HydroRoR,FI1D,0.36
18,HydroRoR,FRC2,0.57
18,HydroRoR,FRF1,0.57
18,HydroRoR,FRI1,0.57
18,HydroRoR,FRI2,0.57
18,HydroRoR,FRJ1,0.57
18,HydroRoR,FRJ2,0.57
18,HydroRoR,FRK2,0.57
18,HydroRoR,FRL0,0.57
18,HydroRoR,HR02,1.0
18,HydroRoR,HR03,1.0
18,HydroRoR,HU22,1.0
18,HydroRoR,HU31,1.0
18,HydroRoR,HU32,1.0
18,HydroRoR,IE04,0.69
18,HydroRoR,IE05,0.69
18,HydroRoR,IE06,0.69
18,HydroRoR,ITC1,0.66
18,HydroRoR,ITC2,0.66
18,HydroRoR,ITC3,0.66
18,HydroRoR,ITC4,0.66
18,HydroRoR,ITF1,0.66
18,HydroRoR,ITF2,0.66
18,HydroRoR,ITF3,0.66
18,HydroRoR,ITF6,0.66
18,HydroRoR,ITG1,0.66
18,HydroRoR,ITG2,0.66
18,HydroRoR,ITH1,0.66
18,HydroRoR,ITH2,0.66
18,HydroRoR,ITH3,0.66
18,HydroRoR,ITH4,0.66
18,HydroRoR,ITH5,0.66
18,HydroRoR,ITI1,0.66
18,HydroRoR,ITI2,0.66
18,HydroRoR,ITI3,0.66
18,HydroRoR,ITI4,0.66
18,HydroRoR,LV00,0.25
18,HydroRoR,PL21,0.38
18,HydroRoR,PL51,0.38
18,HydroRoR,PL61,0.38
18,HydroRoR,PT11,1.0
18,HydroRoR,PT16,1.0
18,HydroRoR,PT18,1.0
18,HydroRoR,RO11,0.77
18,HydroRoR,RO12,0.77
18,HydroRoR,RO21,0.77
18,HydroRoR,RO22,0.77
18,HydroRoR,RO31,0.77
18,HydroRoR,RO41,0.77
18,HydroRoR,RO42,0.77
18,HydroRoR,SE23,0.4
18,HydroRoR,SE31,0.4
18,HydroRoR,SE32,0.4
18,HydroRoR,SE33,0.4
18,HydroRoR,SI03,0.65
18,HydroRoR,SI04,0.65
18,HydroRoR,SK01,0.15
18,HydroRoR,SK02,0.15
18,HydroRoR,SK03,0.15
18,HydroRoR,UKL1,0.51
18,HydroRoR,UKM6,0.51
18,HydroRoR,UKM7,0.51
18,HydroRoR,UKM9,0.51
19,HydroRoR,AT12,0.23
19,HydroRoR,AT13,0.23
19,HydroRoR,AT21,0.23
19,HydroRoR,AT22,0.23
19,HydroRoR,AT31,0.23
19,HydroRoR,AT32,0.23
19,HydroRoR,AT33,0.23
19,HydroRoR,AT34,0.23
19,HydroRoR,BE33,0.52
19,HydroRoR,BE35,0.52
19,HydroRoR,BG34,0.14
19,HydroRoR,CH01,0.14
19,HydroRoR,CH02,0.14
19,HydroRoR,CH03,0.14
19,HydroRoR,CH04,0.14
19,HydroRoR,CH05,0.14
19,HydroRoR,CH06,0.14
19,HydroRoR,CH07,0.14
19,HydroRoR,CZ02,0.25
19,HydroRoR,CZ04,0.25
19,HydroRoR,DE11,0.53
19,HydroRoR,DE12,0.53
19,HydroRoR,DE13,0.53
19,HydroRoR,DE14,0.53
19,HydroRoR,DE21,0.53
19,HydroRoR,DE22,0.53
19,HydroRoR,DE23,0.53
19,HydroRoR,DE24,0.53
19,HydroRoR,DE25,0.53
19,HydroRoR,DE26,0.53
19,HydroRoR,DE27,0.53
19,HydroRoR,DE40,0.53
19,HydroRoR,DE50,0.53
19,HydroRoR,DE60,0.53
19,HydroRoR,DE71,0.53
19,HydroRoR,DE72,0.53
19,HydroRoR,DE73,0.53
19,HydroRoR,DE80,0.53
19,HydroRoR,DE91,0.53
19,HydroRoR,DE92,0.53
19,HydroRoR,DEA1,0.53
19,HydroRoR,DEA2,0.53
19,HydroRoR,DEA4,0.53
19,HydroRoR,DEA5,0.53
19,HydroRoR,DEB1,0.53
19,HydroRoR,DEB2,0.53
19,HydroRoR,DEB3,0.53
19,HydroRoR,DED2,0.53
19,HydroRoR,DED4,0.53
19,HydroRoR,DED5,0.53
19,HydroRoR,DEE0,0.53
19,HydroRoR,DEG0,0.53
19,HydroRoR,EL52,0.42
19,HydroRoR,EL54,0.42
19,HydroRoR,EL63,0.42
19,HydroRoR,EL64,0.42
19,HydroRoR,ES24,0.68
19,HydroRoR,ES51,0.68
19,HydroRoR,FI19,0.36
19,HydroRoR,FI1B,0.36
19,HydroRoR,FI1C,0.36
19,HydroRoR,FI1D,0.36
19,HydroRoR,FRC2,0.56
19,HydroRoR,FRF1,0.56
19,HydroRoR,FRI1,0.56
19,HydroRoR,FRI2,0.56
19,HydroRoR,FRJ1,0.56
19,HydroRoR,FRJ2,0.56
19,HydroRoR,FRK2,0.56
19,HydroRoR,FRL0,0.56
19,HydroRoR,HR02,1.0
19,HydroRoR,HR03,1.0
19,HydroRoR,HU22,1.0
19,HydroRoR,HU31,1.0
19,HydroRoR,HU32,1.0
19,HydroRoR,IE04,0.69
19,HydroRoR,IE05,0.69
19,HydroRoR,IE06,0.69
19,HydroRoR,ITC1,0.66
19,HydroRoR,ITC2,0.66
19,HydroRoR,ITC3,0.66
19,HydroRoR,ITC4,0.66
19,HydroRoR,ITF1,0.66
19,HydroRoR,ITF2,0.66
19,HydroRoR,ITF3,0.66
19,HydroRoR,ITF6,0.66
19,HydroRoR,ITG1,0.66
19,HydroRoR,ITG2,0.66
19,HydroRoR,ITH1,0.66
19,HydroRoR,ITH2,0.66
19,HydroRoR,ITH3,0.66
19,HydroRoR,ITH4,0.66
19,HydroRoR,ITH5,0.66
19,HydroRoR,ITI1,0.66
19,HydroRoR,ITI2,0.66
19,HydroRoR,ITI3,0.66
19,HydroRoR,ITI4,0.66
19,HydroRoR,LV00,0.25
19,HydroRoR,PL21,0.37
19,HydroRoR,PL51,0.37
19,HydroRoR,PL61,0.37
19,HydroRoR,PT11,1.0
19,HydroRoR,PT16,1.0
19,HydroRoR,PT18,1.0
19,HydroRoR,RO11,0.75
19,HydroRoR,RO12,0.75
19,HydroRoR,RO21,0.75
19,HydroRoR,RO22,0.75
19,HydroRoR,RO31,0.75
19,HydroRoR,RO41,0.75
19,HydroRoR,RO42,0.75
19,HydroRoR,SE23,0.4
19,HydroRoR,SE31,0.4
19,HydroRoR,SE32,0.4
19,HydroRoR,SE33,0.4
19,HydroRoR,SI03,0.66
19,HydroRoR,SI04,0.66
19,HydroRoR,SK01,0.15
19,HydroRoR,SK02,0.15
19,HydroRoR,SK03,0.15
19,HydroRoR,UKL1,0.51
19,HydroRoR,UKM6,0.51
19,HydroRoR,UKM7,0.51
19,HydroRoR,UKM9,0.51
20,HydroRoR,AT12,0.23
20,HydroRoR,AT13,0.23
20,HydroRoR,AT21,0.23
20,HydroRoR,AT22,0.23
20,HydroRoR,AT31,0.23
20,HydroRoR,AT32,0.23
20,HydroRoR,AT33,0.23
20,HydroRoR,AT34,0.23
20,HydroRoR,BE33,0.52
20,HydroRoR,BE35,0.52
20,HydroRoR,BG34,0.14
20,HydroRoR,CH01,0.14
20,HydroRoR,CH02,0.14
20,HydroRoR,CH03,0.14
20,HydroRoR,CH04,0.14
20,HydroRoR,CH05,0.14
20,HydroRoR,CH06,0.14
20,HydroRoR,CH07,0.14
20,HydroRoR,CZ02,0.25
20,HydroRoR,CZ04,0.25
20,HydroRoR,DE11,0.53
20,HydroRoR,DE12,0.53
20,HydroRoR,DE13,0.53
20,HydroRoR,DE14,0.53
20,HydroRoR,DE21,0.53
20,HydroRoR,DE22,0.53
20,HydroRoR,DE23,0.53
20,HydroRoR,DE24,0.53
20,HydroRoR,DE25,0.53
20,HydroRoR,DE26,0.53
20,HydroRoR,DE27,0.53
20,HydroRoR,DE40,0.53
20,HydroRoR,DE50,0.53
20,HydroRoR,DE60,0.53
20,HydroRoR,DE71,0.53
20,HydroRoR,DE72,0.53
20,HydroRoR,DE73,0.53
20,HydroRoR,DE80,0.53
20,HydroRoR,DE91,0.53
20,HydroRoR,DE92,0.53
20,HydroRoR,DEA1,0.53
20,HydroRoR,DEA2,0.53
20,HydroRoR,DEA4,0.53
20,HydroRoR,DEA5,0.53
20,HydroRoR,DEB1,0.53
20,HydroRoR,DEB2,0.53
20,HydroRoR,DEB3,0.53
20,HydroRoR,DED2,0.53
20,HydroRoR,DED4,0.53
20,HydroRoR,DED5,0.53
20,HydroRoR,DEE0,0.53
20,HydroRoR,DEG0,0.53
20,HydroRoR,EL52,0.45
20,HydroRoR,EL54,0.45
20,HydroRoR,EL63,0.45
20,HydroRoR,EL64,0.45
20,HydroRoR,ES24,0.67
20,HydroRoR,ES51,0.67
20,HydroRoR,FI19,0.36
20,HydroRoR,FI1B,0.36
20,HydroRoR,FI1C,0.36
20,HydroRoR,FI1D,0.36
20,HydroRoR,FRC2,0.54
20,HydroRoR,FRF1,0.54
20,HydroRoR,FRI1,0.54
20,HydroRoR,FRI2,0.54
20,HydroRoR,FRJ1,0.54
20,HydroRoR,FRJ2,0.54
20,HydroRoR,FRK2,0.54
20,HydroRoR,FRL0,0.54
20,HydroRoR,HR02,1.0
20,HydroRoR,HR03,1.0
20,HydroRoR,HU22,0.96
20,HydroRoR,HU31,0.96
20,HydroRoR,HU32,0.96
20,HydroRoR,IE04,0.69
20,HydroRoR,IE05,0.69
20,HydroRoR,IE06,0.69
20,HydroRoR,ITC1,0.65
20,HydroRoR,ITC2,0.65
20,HydroRoR,ITC3,0.65
20,HydroRoR,ITC4,0.65
20,HydroRoR,ITF1,0.65
20,HydroRoR,ITF2,0.65
20,HydroRoR,ITF3,0.65
20,HydroRoR,ITF6,0.65
20,HydroRoR,ITG1,0.65
20,HydroRoR,ITG2,0.65
20,HydroRoR,ITH1,0.65
20,HydroRoR,ITH2,0.65
20,HydroRoR,ITH3,0.65
20,HydroRoR,ITH4,0.65
20,HydroRoR,ITH5,0.65
20,HydroRoR,ITI1,0.65
20,HydroRoR,ITI2,0.65
20,HydroRoR,ITI3,0.65
20,HydroRoR,ITI4,0.65
20,HydroRoR,LV00,0.25
20,HydroRoR,PL21,0.37
20,HydroRoR,PL51,0.37
20,HydroRoR,PL61,0.37
20,HydroRoR,PT11,1.0
20,HydroRoR,PT16,1.0
20,HydroRoR,PT18,1.0
20,HydroRoR,RO11,0.73
20,HydroRoR,RO12,0.73
20,HydroRoR,RO21,0.73
20,HydroRoR,RO22,0.73
20,HydroRoR,RO31,0.73
20,HydroRoR,RO41,0.73
20,HydroRoR,RO42,0.73
20,HydroRoR,SE23,0.4
20,HydroRoR,SE31,0.4
20,HydroRoR,SE32,0.4
20,HydroRoR,SE33,0.4
20,HydroRoR,SI03,0.67
20,HydroRoR,SI04,0.67
20,HydroRoR,SK01,0.14
20,HydroRoR,SK02,0.14
20,HydroRoR,SK03,0.14
20,HydroRoR,UKL1,0.51
20,HydroRoR,UKM6,0.51
20,HydroRoR,UKM7,0.51
20,HydroRoR,UKM9,0.51
21,HydroRoR,AT12,0.23
21,HydroRoR,AT13,0.23
21,HydroRoR,AT21,0.23
21,HydroRoR,AT22,0.23
21,HydroRoR,AT31,0.23
21,HydroRoR,AT32,0.23
21,HydroRoR,AT33,0.23
21,HydroRoR,AT34,0.23
21,HydroRoR,BE33,0.52
21,HydroRoR,BE35,0.52
21,HydroRoR,BG34,0.15
21,HydroRoR,CH01,0.14
21,HydroRoR,CH02,0.14
21,HydroRoR,CH03,0.14
21,HydroRoR,CH04,0.14
21,HydroRoR,CH05,0.14
21,HydroRoR,CH06,0.14
21,HydroRoR,CH07,0.14
21,HydroRoR,CZ02,0.25
21,HydroRoR,CZ04,0.25
21,HydroRoR,DE11,0.53
21,HydroRoR,DE12,0.53
21,HydroRoR,DE13,0.53
21,HydroRoR,DE14,0.53
21,HydroRoR,DE21,0.53
21,HydroRoR,DE22,0.53
21,HydroRoR,DE23,0.53
21,HydroRoR,DE24,0.53
21,HydroRoR,DE25,0.53
21,HydroRoR,DE26,0.53
21,HydroRoR,DE27,0.53
21,HydroRoR,DE40,0.53
21,HydroRoR,DE50,0.53
21,HydroRoR,DE60,0.53
21,HydroRoR,DE71,0.53
21,HydroRoR,DE72,0.53
21,HydroRoR,DE73,0.53
21,HydroRoR,DE80,0.53
21,HydroRoR,DE91,0.53
21,HydroRoR,DE92,0.53
21,HydroRoR,DEA1,0.53
21,HydroRoR,DEA2,0.53
21,HydroRoR,DEA4,0.53
21,HydroRoR,DEA5,0.53
21,HydroRoR,DEB1,0.53
21,HydroRoR,DEB2,0.53
21,HydroRoR,DEB3,0.53
21,HydroRoR,DED2,0.53
21,HydroRoR,DED4,0.53
21,HydroRoR,DED5,0.53
21,HydroRoR,DEE0,0.53
21,HydroRoR,DEG0,0.53
21,HydroRoR,EL52,0.47
21,HydroRoR,EL54,0.47
21,HydroRoR,EL63,0.47
21,HydroRoR,EL64,0.47
21,HydroRoR,ES24,0.66
21,HydroRoR,ES51,0.66
21,HydroRoR,FI19,0.36
21,HydroRoR,FI1B,0.36
21,HydroRoR,FI1C,0.36
21,HydroRoR,FI1D,0.36
21,HydroRoR,FRC2,0.53
21,HydroRoR,FRF1,0.53
21,HydroRoR,FRI1,0.53
21,HydroRoR,FRI2,0.53
21,HydroRoR,FRJ1,0.53
21,HydroRoR,FRJ2,0.53
21,HydroRoR,FRK2,0.53
21,HydroRoR,FRL0,0.53
21,HydroRoR,HR02,1.0
21,HydroRoR,HR03,1.0
21,HydroRoR,HU22,0.91
21,HydroRoR,HU31,0.91
21,HydroRoR,HU32,0.91
21,HydroRoR,IE04,0.69
21,HydroRoR,IE05,0.69
21,HydroRoR,IE06,0.69
21,HydroRoR,ITC1,0.64
21,HydroRoR,ITC2,0.64
21,HydroRoR,ITC3,0.64
21,HydroRoR,ITC4,0.64
21,HydroRoR,ITF1,0.64
21,HydroRoR,ITF2,0.64
21,HydroRoR,ITF3,0.64
21,HydroRoR,ITF6,0.64
21,HydroRoR,ITG1,0.64
21,HydroRoR,ITG2,0.64
21,HydroRoR,ITH1,0.64
21,HydroRoR,ITH2,0.64
21,HydroRoR,ITH3,0.64
21,HydroRoR,ITH4,0.64
21,HydroRoR,ITH5,0.64
21,HydroRoR,ITI1,0.64
21,HydroRoR,ITI2,0.64
21,HydroRoR,ITI3,0.64
21,HydroRoR,ITI4,0.64
21,HydroRoR,LV00,0.25
21,HydroRoR,PL21,0.37
21,HydroRoR,PL51,0.37
21,HydroRoR,PL61,0.37
21,HydroRoR,PT11,1.0
21,HydroRoR,PT16,1.0
21,HydroRoR,PT18,1.0
21,HydroRoR,RO11,0.71
21,HydroRoR,RO12,0.71
21,HydroRoR,RO21,0.71
21,HydroRoR,RO22,0.71
21,HydroRoR,RO31,0.71
21,HydroRoR,RO41,0.71
21,HydroRoR,RO42,0.71
21,HydroRoR,SE23,0.4
21,HydroRoR,SE31,0.4
21,HydroRoR,SE32,0.4
21,HydroRoR,SE33,0.4
21,HydroRoR,SI03,0.68
21,HydroRoR,SI04,0.68
21,HydroRoR,SK01,0.14
21,HydroRoR,SK02,0.14
21,HydroRoR,SK03,0.14
21,HydroRoR,UKL1,0.51
21,HydroRoR,UKM6,0.51
21,HydroRoR,UKM7,0.51
21,HydroRoR,UKM9,0.51
22,HydroRoR,AT12,0.23
22,HydroRoR,AT13,0.23
22,HydroRoR,AT21,0.23
22,HydroRoR,AT22,0.23
22,HydroRoR,AT31,0.23
22,HydroRoR,AT32,0.23
22,HydroRoR,AT33,0.23
22,HydroRoR,AT34,0.23
22,HydroRoR,BE33,0.52
22,HydroRoR,BE35,0.52
22,HydroRoR,BG34,0.15
22,HydroRoR,CH01,0.14
22,HydroRoR,CH02,0.14
22,HydroRoR,CH03,0.14
22,HydroRoR,CH04,0.14
22,HydroRoR,CH05,0.14
22,HydroRoR,CH06,0.14
22,HydroRoR,CH07,0.14
22,HydroRoR,CZ02,0.25
22,HydroRoR,CZ04,0.25
22,HydroRoR,DE11,0.53
22,HydroRoR,DE12,0.53
22,HydroRoR,DE13,0.53
22,HydroRoR,DE14,0.53
22,HydroRoR,DE21,0.53
22,HydroRoR,DE22,0.53
22,HydroRoR,DE23,0.53
22,HydroRoR,DE24,0.53
22,HydroRoR,DE25,0.53
22,HydroRoR,DE26,0.53
22,HydroRoR,DE27,0.53
22,HydroRoR,DE40,0.53
22,HydroRoR,DE50,0.53
22,HydroRoR,DE60,0.53
22,HydroRoR,DE71,0.53
22,HydroRoR,DE72,0.53
22,HydroRoR,DE73,0.53
22,HydroRoR,DE80,0.53
22,HydroRoR,DE91,0.53
22,HydroRoR,DE92,0.53
22,HydroRoR,DEA1,0.53
22,HydroRoR,DEA2,0.53
22,HydroRoR,DEA4,0.53
22,HydroRoR,DEA5,0.53
22,HydroRoR,DEB1,0.53
22,HydroRoR,DEB2,0.53
22,HydroRoR,DEB3,0.53
22,HydroRoR,DED2,0.53
22,HydroRoR,DED4,0.53
22,HydroRoR,DED5,0.53
22,HydroRoR,DEE0,0.53
22,HydroRoR,DEG0,0.53
22,HydroRoR,EL52,0.49
22,HydroRoR,EL54,0.49
22,HydroRoR,EL63,0.49
22,HydroRoR,EL64,0.49
22,HydroRoR,ES24,0.65
22,HydroRoR,ES51,0.65
22,HydroRoR,FI19,0.35
22,HydroRoR,FI1B,0.35
22,HydroRoR,FI1C,0.35
22,HydroRoR,FI1D,0.35
22,HydroRoR,FRC2,0.52
22,HydroRoR,FRF1,0.52
22,HydroRoR,FRI1,0.52
22,HydroRoR,FRI2,0.52
22,HydroRoR,FRJ1,0.52
22,HydroRoR,FRJ2,0.52
22,HydroRoR,FRK2,0.52
22,HydroRoR,FRL0,0.52
22,HydroRoR,HR02,1.0
22,HydroRoR,HR03,1.0
22,HydroRoR,HU22,0.88
22,HydroRoR,HU31,0.88
22,HydroRoR,HU32,0.88
22,HydroRoR,IE04,0.69
22,HydroRoR,IE05,0.69
22,HydroRoR,IE06,0.69
22,HydroRoR,ITC1,0.63
22,HydroRoR,ITC2,0.63
22,HydroRoR,ITC3,0.63
22,HydroRoR,ITC4,0.63
22,HydroRoR,ITF1,0.63
22,HydroRoR,ITF2,0.63
22,HydroRoR,ITF3,0.63
22,HydroRoR,ITF6,0.63
22,HydroRoR,ITG1,0.63
22,HydroRoR,ITG2,0.63
22,HydroRoR,ITH1,0.63
22,HydroRoR,ITH2,0.63
22,HydroRoR,ITH3,0.63
22,HydroRoR,ITH4,0.63
22,HydroRoR,ITH5,0.63
22,HydroRoR,ITI1,0.63
22,HydroRoR,ITI2,0.63
22,HydroRoR,ITI3,0.63
22,HydroRoR,ITI4,0.63
22,HydroRoR,LV00,0.25
22,HydroRoR,PL21,0.36
22,HydroRoR,PL51,0.36
22,HydroRoR,PL61,0.36
22,HydroRoR,PT11,1.0
22,HydroRoR,PT16,1.0
22,HydroRoR,PT18,1.0
22,HydroRoR,RO11,0.69
22,HydroRoR,RO12,0.69
22,HydroRoR,RO21,0.69
22,HydroRoR,RO22,0.69
22,HydroRoR,RO31,0.69
22,HydroRoR,RO41,0.69
22,HydroRoR,RO42,0.69
22,HydroRoR,SE23,0.4
22,HydroRoR,SE31,0.4
22,HydroRoR,SE32,0.4
22,HydroRoR,SE33,0.4
22,HydroRoR,SI03,0.69
22,HydroRoR,SI04,0.69
22,HydroRoR,SK01,0.14
22,HydroRoR,SK02,0.14
22,HydroRoR,SK03,0.14
22,HydroRoR,UKL1,0.51
22,HydroRoR,UKM6,0.51
22,HydroRoR,UKM7,0.51
22,HydroRoR,UKM9,0.51
23,HydroRoR,AT12,0.23
23,HydroRoR,AT13,0.23
23,HydroRoR,AT21,0.23
23,HydroRoR,AT22,0.23
23,HydroRoR,AT31,0.23
23,HydroRoR,AT32,0.23
23,HydroRoR,AT33,0.23
23,HydroRoR,AT34,0.23
23,HydroRoR,BE33,0.53
23,HydroRoR,BE35,0.53
23,HydroRoR,BG34,0.16
23,HydroRoR,CH01,0.14
23,HydroRoR,CH02,0.14
23,HydroRoR,CH03,0.14
23,HydroRoR,CH04,0.14
23,HydroRoR,CH05,0.14
23,HydroRoR,CH06,0.14
23,HydroRoR,CH07,0.14
23,HydroRoR,CZ02,0.25
23,HydroRoR,CZ04,0.25
23,HydroRoR,DE11,0.52
23,HydroRoR,DE12,0.52
23,HydroRoR,DE13,0.52
23,HydroRoR,DE14,0.52
23,HydroRoR,DE21,0.52
23,HydroRoR,DE22,0.52
23,HydroRoR,DE23,0.52
23,HydroRoR,DE24,0.52
23,HydroRoR,DE25,0.52
23,HydroRoR,DE26,0.52
23,HydroRoR,DE27,0.52
23,HydroRoR,DE40,0.52
23,HydroRoR,DE50,0.52
23,HydroRoR,DE60,0.52
23,HydroRoR,DE71,0.52
23,HydroRoR,DE72,0.52
23,HydroRoR,DE73,0.52
23,HydroRoR,DE80,0.52
23,HydroRoR,DE91,0.52
23,HydroRoR,DE92,0.52
23,HydroRoR,DEA1,0.52
23,HydroRoR,DEA2,0.52
23,HydroRoR,DEA4,0.52
23,HydroRoR,DEA5,0.52
23,HydroRoR,DEB1,0.52
23,HydroRoR,DEB2,0.52
23,HydroRoR,DEB3,0.52
23,HydroRoR,DED2,0.52
23,HydroRoR,DED4,0.52
23,HydroRoR,DED5,0.52
23,HydroRoR,DEE0,0.52
23,HydroRoR,DEG0,0.52
23,HydroRoR,EL52,0.52
23,HydroRoR,EL54,0.52
23,HydroRoR,EL63,0.52
23,HydroRoR,EL64,0.52
23,HydroRoR,ES24,0.64
23,HydroRoR,ES51,0.64
23,HydroRoR,FI19,0.35
23,HydroRoR,FI1B,0.35
23,HydroRoR,FI1C,0.35
23,HydroRoR,FI1D,0.35
23,HydroRoR,FRC2,0.5
23,HydroRoR,FRF1,0.5
23,HydroRoR,FRI1,0.5
23,HydroRoR,FRI2,0.5
23,HydroRoR,FRJ1,0.5
23,HydroRoR,FRJ2,0.5
23,HydroRoR,FRK2,0.5
23,HydroRoR,FRL0,0.5
23,HydroRoR,HR02,1.0
23,HydroRoR,HR03,1.0
23,HydroRoR,HU22,0.84
23,HydroRoR,HU31,0.84
23,HydroRoR,HU32,0.84
23,HydroRoR,IE04,0.68
23,HydroRoR,IE05,0.68
23,HydroRoR,IE06,0.68
23,HydroRoR,ITC1,0.62
23,HydroRoR,ITC2,0.62
23,HydroRoR,ITC3,0.62
23,HydroRoR,ITC4,0.62
23,HydroRoR,ITF1,0.62
23,HydroRoR,ITF2,0.62
23,HydroRoR,ITF3,0.62
23,HydroRoR,ITF6,0.62
23,HydroRoR,ITG1,0.62
23,HydroRoR,ITG2,0.62
23,HydroRoR,ITH1,0.62
23,HydroRoR,ITH2,0.62
23,HydroRoR,ITH3,0.62
23,HydroRoR,ITH4,0.62
23,HydroRoR,ITH5,0.62
23,HydroRoR,ITI1,0.62
23,HydroRoR,ITI2,0.62
23,HydroRoR,ITI3,0.62
23,HydroRoR,ITI4,0.62
23,HydroRoR,LV00,0.25
23,HydroRoR,PL21,0.36
23,HydroRoR,PL51,0.36
23,HydroRoR,PL61,0.36
23,HydroRoR,PT11,1.0
23,HydroRoR,PT16,1.0
23,HydroRoR,PT18,1.0
23,HydroRoR,RO11,0.68
23,HydroRoR,RO12,0.68
23,HydroRoR,RO21,0.68
23,HydroRoR,RO22,0.68
23,HydroRoR,RO31,0.68
23,HydroRoR,RO41,0.68
23,HydroRoR,RO42,0.68
23,HydroRoR,SE23,0.4
23,HydroRoR,SE31,0.4
23,HydroRoR,SE32,0.4
23,HydroRoR,SE33,0.4
23,HydroRoR,SI03,0.69
23,HydroRoR,SI04,0.69
23,HydroRoR,SK01,0.13
23,HydroRoR,SK02,0.13
23,HydroRoR,SK03,0.13
23,HydroRoR,UKL1,0.51
23,HydroRoR,UKM6,0.51
23,HydroRoR,UKM7,0.51
23,HydroRoR,UKM9,0.51
24,HydroRoR,AT12,0.23
24,HydroRoR,AT13,0.23
24,HydroRoR,AT21,0.23
24,HydroRoR,AT22,0.23
24,HydroRoR,AT31,0.23
24,HydroRoR,AT32,0.23
24,HydroRoR,AT33,0.23
24,HydroRoR,AT34,0.23
24,HydroRoR,BE33,0.53
24,HydroRoR,BE35,0.53
24,HydroRoR,BG34,0.15
24,HydroRoR,CH01,0.14
24,HydroRoR,CH02,0.14
24,HydroRoR,CH03,0.14
24,HydroRoR,CH04,0.14
24,HydroRoR,CH05,0.14
24,HydroRoR,CH06,0.14
24,HydroRoR,CH07,0.14
24,HydroRoR,CZ02,0.24
24,HydroRoR,CZ04,0.24
24,HydroRoR,DE11,0.52
24,HydroRoR,DE12,0.52
24,HydroRoR,DE13,0.52
24,HydroRoR,DE14,0.52
24,HydroRoR,DE21,0.52
24,HydroRoR,DE22,0.52
24,HydroRoR,DE23,0.52
24,HydroRoR,DE24,0.52
24,HydroRoR,DE25,0.52
24,HydroRoR,DE26,0.52
24,HydroRoR,DE27,0.52
24,HydroRoR,DE40,0.52
24,HydroRoR,DE50,0.52
24,HydroRoR,DE60,0.52
24,HydroRoR,DE71,0.52
24,HydroRoR,DE72,0.52
24,HydroRoR,DE73,0.52
24,HydroRoR,DE80,0.52
24,HydroRoR,DE91,0.52
24,HydroRoR,DE92,0.52
24,HydroRoR,DEA1,0.52
24,HydroRoR,DEA2,0.52
24,HydroRoR,DEA4,0.52
24,HydroRoR,DEA5,0.52
24,HydroRoR,DEB1,0.52
24,HydroRoR,DEB2,0.52
24,HydroRoR,DEB3,0.52
24,HydroRoR,DED2,0.52
24,HydroRoR,DED4,0.52
24,HydroRoR,DED5,0.52
24,HydroRoR,DEE0,0.52
24,HydroRoR,DEG0,0.52
24,HydroRoR,EL52,0.53
24,HydroRoR,EL54,0.53
24,HydroRoR,EL63,0.53
24,HydroRoR,EL64,0.53
24,HydroRoR,ES24,0.63
24,HydroRoR,ES51,0.63
24,HydroRoR,FI19,0.35
24,HydroRoR,FI1B,0.35
24,HydroRoR,FI1C,0.35
24,HydroRoR,FI1D,0.35
24,HydroRoR,FRC2,0.49
24,HydroRoR,FRF1,0.49
24,HydroRoR,FRI1,0.49
24,HydroRoR,FRI2,0.49
24,HydroRoR,FRJ1,0.49
24,HydroRoR,FRJ2,0.49
24,HydroRoR,FRK2,0.49
24,HydroRoR,FRL0,0.49
24,HydroRoR,HR02,1.0
24,HydroRoR,HR03,1.0
24,HydroRoR,HU22,0.81
24,HydroRoR,HU31,0.81
24,HydroRoR,HU32,0.81
24,HydroRoR,IE04,0.68
24,HydroRoR,IE05,0.68
24,HydroRoR,IE06,0.68
24,HydroRoR,ITC1,0.61
24,HydroRoR,ITC2,0.61
24,HydroRoR,ITC3,0.61
24,HydroRoR,ITC4,0.61
24,HydroRoR,ITF1,0.61
24,HydroRoR,ITF2,0.61
24,HydroRoR,ITF3,0.61
24,HydroRoR,ITF6,0.61
24,HydroRoR,ITG1,0.61
24,HydroRoR,ITG2,0.61
24,HydroRoR,ITH1,0.61
24,HydroRoR,ITH2,0.61
24,HydroRoR,ITH3,0.61
24,HydroRoR,ITH4,0.61
24,HydroRoR,ITH5,0.61
24,HydroRoR,ITI1,0.61
24,HydroRoR,ITI2,0.61
24,HydroRoR,ITI3,0.61
24,HydroRoR,ITI4,0.61
24,HydroRoR,LV00,0.24
24,HydroRoR,PL21,0.36
24,HydroRoR,PL51,0.36
24,HydroRoR,PL61,0.36
24,HydroRoR,PT11,1.0
24,HydroRoR,PT16,1.0
24,HydroRoR,PT18,1.0
24,HydroRoR,RO11,0.66
24,HydroRoR,RO12,0.66
24,HydroRoR,RO21,0.66
24,HydroRoR,RO22,0.66
24,HydroRoR,RO31,0.66
24,HydroRoR,RO41,0.66
24,HydroRoR,RO42,0.66
24,HydroRoR,SE23,0.4
24,HydroRoR,SE31,0.4
24,HydroRoR,SE32,0.4
24,HydroRoR,SE33,0.4
24,HydroRoR,SI03,0.7
24,HydroRoR,SI04,0.7
24,HydroRoR,SK01,0.13
24,HydroRoR,SK02,0.13
24,HydroRoR,SK03,0.13
24,HydroRoR,UKL1,0.51
24,HydroRoR,UKM6,0.51
24,HydroRoR,UKM7,0.51
24,HydroRoR,UKM9,0.51
25,HydroRoR,AT12,0.23
25,HydroRoR,AT13,0.23
25,HydroRoR,AT21,0.23
25,HydroRoR,AT22,0.23
25,HydroRoR,AT31,0.23
25,HydroRoR,AT32,0.23
25,HydroRoR,AT33,0.23
25,HydroRoR,AT34,0.23
25,HydroRoR,BE33,0.53
25,HydroRoR,BE35,0.53
25,HydroRoR,BG34,0.15
25,HydroRoR,CH01,0.14
25,HydroRoR,CH02,0.14
25,HydroRoR,CH03,0.14
25,HydroRoR,CH04,0.14
25,HydroRoR,CH05,0.14
25,HydroRoR,CH06,0.14
25,HydroRoR,CH07,0.14
25,HydroRoR,CZ02,0.24
25,HydroRoR,CZ04,0.24
25,HydroRoR,DE11,0.52
25,HydroRoR,DE12,0.52
25,HydroRoR,DE13,0.52
25,HydroRoR,DE14,0.52
25,HydroRoR,DE21,0.52
25,HydroRoR,DE22,0.52
25,HydroRoR,DE23,0.52
25,HydroRoR,DE24,0.52
25,HydroRoR,DE25,0.52
25,HydroRoR,DE26,0.52
25,HydroRoR,DE27,0.52
25,HydroRoR,DE40,0.52
25,HydroRoR,DE50,0.52
25,HydroRoR,DE60,0.52
25,HydroRoR,DE71,0.52
25,HydroRoR,DE72,0.52
25,HydroRoR,DE73,0.52
25,HydroRoR,DE80,0.52
25,HydroRoR,DE91,0.52
25,HydroRoR,DE92,0.52
25,HydroRoR,DEA1,0.52
25,HydroRoR,DEA2,0.52
25,HydroRoR,DEA4,0.52
25,HydroRoR,DEA5,0.52
25,HydroRoR,DEB1,0.52
25,HydroRoR,DEB2,0.52
25,HydroRoR,DEB3,0.52
25,HydroRoR,DED2,0.52
25,HydroRoR,DED4,0.52
25,HydroRoR,DED5,0.52
25,HydroRoR,DEE0,0.52
25,HydroRoR,DEG0,0.52
25,HydroRoR,EL52,0.55
25,HydroRoR,EL54,0.55
25,HydroRoR,EL63,0.55
25,HydroRoR,EL64,0.55
25,HydroRoR,ES24,0.63
25,HydroRoR,ES51,0.63
25,HydroRoR,FI19,0.35
25,HydroRoR,FI1B,0.35
25,HydroRoR,FI1C,0.35
25,HydroRoR,FI1D,0.35
25,HydroRoR,FRC2,0.48
25,HydroRoR,FRF1,0.48
25,HydroRoR,FRI1,0.48
25,HydroRoR,FRI2,0.48
25,HydroRoR,FRJ1,0.48
25,HydroRoR,FRJ2,0.48
25,HydroRoR,FRK2,0.48
25,HydroRoR,FRL0,0.48
25,HydroRoR,HR02,1.0
25,HydroRoR,HR03,1.0
25,HydroRoR,HU22,0.78
25,HydroRoR,HU31,0.78
25,HydroRoR,HU32,0.78
25,HydroRoR,IE04,0.68
25,HydroRoR,IE05,0.68
25,HydroRoR,IE06,0.68
25,HydroRoR,ITC1,0.6
25,HydroRoR,ITC2,0.6
25,HydroRoR,ITC3,0.6
25,HydroRoR,ITC4,0.6
25,HydroRoR,ITF1,0.6
25,HydroRoR,ITF2,0.6
25,HydroRoR,ITF3,0.6
25,HydroRoR,ITF6,0.6
25,HydroRoR,ITG1,0.6
25,HydroRoR,ITG2,0.6
25,HydroRoR,ITH1,0.6
25,HydroRoR,ITH2,0.6
25,HydroRoR,ITH3,0.6
25,HydroRoR,ITH4,0.6
25,HydroRoR,ITH5,0.6
25,HydroRoR,ITI1,0.6
25,HydroRoR,ITI2,0.6
25,HydroRoR,ITI3,0.6
25,HydroRoR,ITI4,0.6
25,HydroRoR,LV00,0.24
25,HydroRoR,PL21,0.35
25,HydroRoR,PL51,0.35
25,HydroRoR,PL61,0.35
25,HydroRoR,PT11,1.0
25,HydroRoR,PT16,1.0
25,HydroRoR,PT18,1.0
25,HydroRoR,RO11,0.65
25,HydroRoR,RO12,0.65
25,HydroRoR,RO21,0.65
25,HydroRoR,RO22,0.65
25,HydroRoR,RO31,0.65
25,HydroRoR,RO41,0.65
25,HydroRoR,RO42,0.65
25,HydroRoR,SE23,0.4
25,HydroRoR,SE31,0.4
25,HydroRoR,SE32,0.4
25,HydroRoR,SE33,0.4
25,HydroRoR,SI03,0.7
25,HydroRoR,SI04,0.7
25,HydroRoR,SK01,0.13
25,HydroRoR,SK02,0.13
25,HydroRoR,SK03,0.13
25,HydroRoR,UKL1,0.51
25,HydroRoR,UKM6,0.51
25,HydroRoR,UKM7,0.51
25,HydroRoR,UKM9,0.51
26,HydroRoR,AT12,0.23
26,HydroRoR,AT13,0.23
26,HydroRoR,AT21,0.23
26,HydroRoR,AT22,0.23
26,HydroRoR,AT31,0.23
26,HydroRoR,AT32,0.23
26,HydroRoR,AT33,0.23
26,HydroRoR,AT34,0.23
26,HydroRoR,BE33,0.53
26,HydroRoR,BE35,0.53
26,HydroRoR,BG34,0.15
26,HydroRoR,CH01,0.14
26,HydroRoR,CH02,0.14
26,HydroRoR,CH03,0.14
26,HydroRoR,CH04,0.14
26,HydroRoR,CH05,0.14
26,HydroRoR,CH06,0.14
26,HydroRoR,CH07,0.14
26,HydroRoR,CZ02,0.24
26,HydroRoR,CZ04,0.24
26,HydroRoR,DE11,0.52
26,HydroRoR,DE12,0.52
26,HydroRoR,DE13,0.52
26,HydroRoR,DE14,0.52
26,HydroRoR,DE21,0.52
26,HydroRoR,DE22,0.52
26,HydroRoR,DE23,0.52
26,HydroRoR,DE24,0.52
26,HydroRoR,DE25,0.52
26,HydroRoR,DE26,0.52
26,HydroRoR,DE27,0.52
26,HydroRoR,DE40,0.52
26,HydroRoR,DE50,0.52
26,HydroRoR,DE60,0.52
26,HydroRoR,DE71,0.52
26,HydroRoR,DE72,0.52
26,HydroRoR,DE73,0.52
26,HydroRoR,DE80,0.52
26,HydroRoR,DE91,0.52
26,HydroRoR,DE92,0.52
26,HydroRoR,DEA1,0.52
26,HydroRoR,DEA2,0.52
26,HydroRoR,DEA4,0.52
26,HydroRoR,DEA5,0.52
26,HydroRoR,DEB1,0.52
26,HydroRoR,DEB2,0.52
26,HydroRoR,DEB3,0.52
26,HydroRoR,DED2,0.52
26,HydroRoR,DED4,0.52
26,HydroRoR,DED5,0.52
26,HydroRoR,DEE0,0.52
26,HydroRoR,DEG0,0.52
26,HydroRoR,EL52,0.56
26,HydroRoR,EL54,0.56
26,HydroRoR,EL63,0.56
26,HydroRoR,EL64,0.56
26,HydroRoR,ES24,0.62
26,HydroRoR,ES51,0.62
26,HydroRoR,FI19,0.35
26,HydroRoR,FI1B,0.35
26,HydroRoR,FI1C,0.35
26,HydroRoR,FI1D,0.35
26,HydroRoR,FRC2,0.47
26,HydroRoR,FRF1,0.47
26,HydroRoR,FRI1,0.47
26,HydroRoR,FRI2,0.47
26,HydroRoR,FRJ1,0.47
26,HydroRoR,FRJ2,0.47
26,HydroRoR,FRK2,0.47
26,HydroRoR,FRL0,0.47
26,HydroRoR,HR02,1.0
26,HydroRoR,HR03,1.0
26,HydroRoR,HU22,0.75
26,HydroRoR,HU31,0.75
26,HydroRoR,HU32,0.75
26,HydroRoR,IE04,0.68
26,HydroRoR,IE05,0.68
26,HydroRoR,IE06,0.68
26,HydroRoR,ITC1,0.59
26,HydroRoR,ITC2,0.59
26,HydroRoR,ITC3,0.59
26,HydroRoR,ITC4,0.59
26,HydroRoR,ITF1,0.59
26,HydroRoR,ITF2,0.59
26,HydroRoR,ITF3,0.59
26,HydroRoR,ITF6,0.59
26,HydroRoR,ITG1,0.59
26,HydroRoR,ITG2,0.59
26,HydroRoR,ITH1,0.59
26,HydroRoR,ITH2,0.59
26,HydroRoR,ITH3,0.59
26,HydroRoR,ITH4,0.59
26,HydroRoR,ITH5,0.59
26,HydroRoR,ITI1,0.59
26,HydroRoR,ITI2,0.59
26,HydroRoR,ITI3,0.59
26,HydroRoR,ITI4,0.59
26,HydroRoR,LV00,0.24
26,HydroRoR,PL21,0.35
26,HydroRoR,PL51,0.35
26,HydroRoR,PL61,0.35
26,HydroRoR,PT11,1.0
26,HydroRoR,PT16,1.0
26,HydroRoR,PT18,1.0
26,HydroRoR,RO11,0.64
26,HydroRoR,RO12,0.64
26,HydroRoR,RO21,0.64
26,HydroRoR,RO22,0.64
26,HydroRoR,RO31,0.64
26,HydroRoR,RO41,0.64
26,HydroRoR,RO42,0.64
26,HydroRoR,SE23,0.4
26,HydroRoR,SE31,0.4
26,HydroRoR,SE32,0.4
26,HydroRoR,SE33,0.4
26,HydroRoR,SI03,0.7
26,HydroRoR,SI04,0.7
26,HydroRoR,SK01,0.13
26,HydroRoR,SK02,0.13
26,HydroRoR,SK03,0.13
26,HydroRoR,UKL1,0.51
26,HydroRoR,UKM6,0.51
26,HydroRoR,UKM7,0.51
26,HydroRoR,UKM9,0.51
27,HydroRoR,AT12,0.23
27,HydroRoR,AT13,0.23
27,HydroRoR,AT21,0.23
27,HydroRoR,AT22,0.23
27,HydroRoR,AT31,0.23
27,HydroRoR,AT32,0.23
27,HydroRoR,AT33,0.23
27,HydroRoR,AT34,0.23
27,HydroRoR,BE33,0.53
27,HydroRoR,BE35,0.53
27,HydroRoR,BG34,0.15
27,HydroRoR,CH01,0.13
27,HydroRoR,CH02,0.13
27,HydroRoR,CH03,0.13
27,HydroRoR,CH04,0.13
27,HydroRoR,CH05,0.13
27,HydroRoR,CH06,0.13
27,HydroRoR,CH07,0.13
27,HydroRoR,CZ02,0.24
27,HydroRoR,CZ04,0.24
27,HydroRoR,DE11,0.52
27,HydroRoR,DE12,0.52
27,HydroRoR,DE13,0.52
27,HydroRoR,DE14,0.52
27,HydroRoR,DE21,0.52
27,HydroRoR,DE22,0.52
27,HydroRoR,DE23,0.52
27,HydroRoR,DE24,0.52
27,HydroRoR,DE25,0.52
27,HydroRoR,DE26,0.52
27,HydroRoR,DE27,0.52
27,HydroRoR,DE40,0.52
27,HydroRoR,DE50,0.52
27,HydroRoR,DE60,0.52
27,HydroRoR,DE71,0.52
27,HydroRoR,DE72,0.52
27,HydroRoR,DE73,0.52
27,HydroRoR,DE80,0.52
27,HydroRoR,DE91,0.52
27,HydroRoR,DE92,0.52
27,HydroRoR,DEA1,0.52
27,HydroRoR,DEA2,0.52
27,HydroRoR,DEA4,0.52
27,HydroRoR,DEA5,0.52
27,HydroRoR,DEB1,0.52
27,HydroRoR,DEB2,0.52
27,HydroRoR,DEB3,0.52
27,HydroRoR,DED2,0.52
27,HydroRoR,DED4,0.52
27,HydroRoR,DED5,0.52
27,HydroRoR,DEE0,0.52
27,HydroRoR,DEG0,0.52
27,HydroRoR,EL52,0.58
27,HydroRoR,EL54,0.58
27,HydroRoR,EL63,0.58
27,HydroRoR,EL64,0.58
27,HydroRoR,ES24,0.61
27,HydroRoR,ES51,0.61
27,HydroRoR,FI19,0.35
27,HydroRoR,FI1B,0.35
27,HydroRoR,FI1C,0.35
27,HydroRoR,FI1D,0.35
27,HydroRoR,FRC2,0.46
27,HydroRoR,FRF1,0.46
27,HydroRoR,FRI1,0.46
27,HydroRoR,FRI2,0.46
27,HydroRoR,FRJ1,0.46
27,HydroRoR,FRJ2,0.46
27,HydroRoR,FRK2,0.46
27,HydroRoR,FRL0,0.46
27,HydroRoR,HR02,1.0
27,HydroRoR,HR03,1.0
27,HydroRoR,HU22,0.73
27,HydroRoR,HU31,0.73
27,HydroRoR,HU32,0.73
27,HydroRoR,IE04,0.68
27,HydroRoR,IE05,0.68
27,HydroRoR,IE06,0.68
27,HydroRoR,ITC1,0.58
27,HydroRoR,ITC2,0.58
27,HydroRoR,ITC3,0.58
27,HydroRoR,ITC4,0.58
27,HydroRoR,ITF1,0.58
27,HydroRoR,ITF2,0.58
27,HydroRoR,ITF3,0.58
27,HydroRoR,ITF6,0.58
27,HydroRoR,ITG1,0.58
27,HydroRoR,ITG2,0.58
27,HydroRoR,ITH1,0.58
27,HydroRoR,ITH2,0.58
27,HydroRoR,ITH3,0.58
27,HydroRoR,ITH4,0.58
27,HydroRoR,ITH5,0.58
27,HydroRoR,ITI1,0.58
27,HydroRoR,ITI2,0.58
27,HydroRoR,ITI3,0.58
27,HydroRoR,ITI4,0.58
27,HydroRoR,LV00,0.24
27,HydroRoR,PL21,0.35
27,HydroRoR,PL51,0.35
27,HydroRoR,PL61,0.35
27,HydroRoR,PT11,1.0
27,HydroRoR,PT16,1.0
27,HydroRoR,PT18,1.0
27,HydroRoR,RO11,0.63
27,HydroRoR,RO12,0.63
27,HydroRoR,RO21,0.63
27,HydroRoR,RO22,0.63
27,HydroRoR,RO31,0.63
27,HydroRoR,RO41,0.63
27,HydroRoR,RO42,0.63
27,HydroRoR,SE23,0.4
27,HydroRoR,SE31,0.4
27,HydroRoR,SE32,0.4
27,HydroRoR,SE33,0.4
27,HydroRoR,SI03,0.71
27,HydroRoR,SI04,0.71
27,HydroRoR,SK01,0.13
27,HydroRoR,SK02,0.13
27,HydroRoR,SK03,0.13
27,HydroRoR,UKL1,0.51
27,HydroRoR,UKM6,0.51
27,HydroRoR,UKM7,0.51
27,HydroRoR,UKM9,0.51
28,HydroRoR,AT12,0.23
28,HydroRoR,AT13,0.23
28,HydroRoR,AT21,0.23
28,HydroRoR,AT22,0.23
28,HydroRoR,AT31,0.23
28,HydroRoR,AT32,0.23
28,HydroRoR,AT33,0.23
28,HydroRoR,AT34,0.23
28,HydroRoR,BE33,0.53
28,HydroRoR,BE35,0.53
28,HydroRoR,BG34,0.15
28,HydroRoR,CH01,0.13
28,HydroRoR,CH02,0.13
28,HydroRoR,CH03,0.13
28,HydroRoR,CH04,0.13
28,HydroRoR,CH05,0.13
28,HydroRoR,CH06,0.13
28,HydroRoR,CH07,0.13
28,HydroRoR,CZ02,0.24
28,HydroRoR,CZ04,0.24
28,HydroRoR,DE11,0.52
28,HydroRoR,DE12,0.52
28,HydroRoR,DE13,0.52
28,HydroRoR,DE14,0.52
28,HydroRoR,DE21,0.52
28,HydroRoR,DE22,0.52
28,HydroRoR,DE23,0.52
28,HydroRoR,DE24,0.52
28,HydroRoR,DE25,0.52
28,HydroRoR,DE26,0.52
28,HydroRoR,DE27,0.52
28,HydroRoR,DE40,0.52
28,HydroRoR,DE50,0.52
28,HydroRoR,DE60,0.52
28,HydroRoR,DE71,0.52
28,HydroRoR,DE72,0.52
28,HydroRoR,DE73,0.52
28,HydroRoR,DE80,0.52
28,HydroRoR,DE91,0.52
28,HydroRoR,DE92,0.52
28,HydroRoR,DEA1,0.52
28,HydroRoR,DEA2,0.52
28,HydroRoR,DEA4,0.52
28,HydroRoR,DEA5,0.52
28,HydroRoR,DEB1,0.52
28,HydroRoR,DEB2,0.52
28,HydroRoR,DEB3,0.52
28,HydroRoR,DED2,0.52
28,HydroRoR,DED4,0.52
28,HydroRoR,DED5,0.52
28,HydroRoR,DEE0,0.52
28,HydroRoR,DEG0,0.52
28,HydroRoR,EL52,0.6
28,HydroRoR,EL54,0.6
28,HydroRoR,EL63,0.6
28,HydroRoR,EL64,0.6
28,HydroRoR,ES24,0.61
28,HydroRoR,ES51,0.61
28,HydroRoR,FI19,0.35
28,HydroRoR,FI1B,0.35
28,HydroRoR,FI1C,0.35
28,HydroRoR,FI1D,0.35
28,HydroRoR,FRC2,0.45
28,HydroRoR,FRF1,0.45
28,HydroRoR,FRI1,0.45
28,HydroRoR,FRI2,0.45
28,HydroRoR,FRJ1,0.45
28,HydroRoR,FRJ2,0.45
28,HydroRoR,FRK2,0.45
28,HydroRoR,FRL0,0.45
28,HydroRoR,HR02,1.0
28,HydroRoR,HR03,1.0
28,HydroRoR,HU22,0.7
28,HydroRoR,HU31,0.7
28,HydroRoR,HU32,0.7
28,HydroRoR,IE04,0.68
28,HydroRoR,IE05,0.68
28,HydroRoR,IE06,0.68
28,HydroRoR,ITC1,0.57
28,HydroRoR,ITC2,0.57
28,HydroRoR,ITC3,0.57
28,HydroRoR,ITC4,0.57
28,HydroRoR,ITF1,0.57
28,HydroRoR,ITF2,0.57
28,HydroRoR,ITF3,0.57
28,HydroRoR,ITF6,0.57
28,HydroRoR,ITG1,0.57
28,HydroRoR,ITG2,0.57
28,HydroRoR,ITH1,0.57
28,HydroRoR,ITH2,0.57
28,HydroRoR,ITH3,0.57
28,HydroRoR,ITH4,0.57
28,HydroRoR,ITH5,0.57
28,HydroRoR,ITI1,0.57
28,HydroRoR,ITI2,0.57
28,HydroRoR,ITI3,0.57
28,HydroRoR,ITI4,0.57
28,HydroRoR,LV00,0.24
28,HydroRoR,PL21,0.35
28,HydroRoR,PL51,0.35
28,HydroRoR,PL61,0.35
28,HydroRoR,PT11,1.0
28,HydroRoR,PT16,1.0
28,HydroRoR,PT18,1.0
28,HydroRoR,RO11,0.61
28,HydroRoR,RO12,0.61
28,HydroRoR,RO21,0.61
28,HydroRoR,RO22,0.61
28,HydroRoR,RO31,0.61
28,HydroRoR,RO41,0.61
28,HydroRoR,RO42,0.61
28,HydroRoR,SE23,0.4
28,HydroRoR,SE31,0.4
28,HydroRoR,SE32,0.4
28,HydroRoR,SE33,0.4
28,HydroRoR,SI03,0.71
28,HydroRoR,SI04,0.71
28,HydroRoR,SK01,0.12
28,HydroRoR,SK02,0.12
28,HydroRoR,SK03,0.12
28,HydroRoR,UKL1,0.51
28,HydroRoR,UKM6,0.51
28,HydroRoR,UKM7,0.51
28,HydroRoR,UKM9,0.51
29,HydroRoR,AT12,0.24
29,HydroRoR,AT13,0.24
29,HydroRoR,AT21,0.24
29,HydroRoR,AT22,0.24
29,HydroRoR,AT31,0.24
29,HydroRoR,AT32,0.24
29,HydroRoR,AT33,0.24
29,HydroRoR,AT34,0.24
29,HydroRoR,BE33,0.54
29,HydroRoR,BE35,0.54
29,HydroRoR,BG34,0.15
29,HydroRoR,CH01,0.13
29,HydroRoR,CH02,0.13
29,HydroRoR,CH03,0.13
29,HydroRoR,CH04,0.13
29,HydroRoR,CH05,0.13
29,HydroRoR,CH06,0.13
29,HydroRoR,CH07,0.13
29,HydroRoR,CZ02,0.24
29,HydroRoR,CZ04,0.24
29,HydroRoR,DE11,0.51
29,HydroRoR,DE12,0.51
29,HydroRoR,DE13,0.51
29,HydroRoR,DE14,0.51
29,HydroRoR,DE21,0.51
29,HydroRoR,DE22,0.51
29,HydroRoR,DE23,0.51
29,HydroRoR,DE24,0.51
29,HydroRoR,DE25,0.51
29,HydroRoR,DE26,0.51
29,HydroRoR,DE27,0.51
29,HydroRoR,DE40,0.51
29,HydroRoR,DE50,0.51
29,HydroRoR,DE60,0.51
29,HydroRoR,DE71,0.51
29,HydroRoR,DE72,0.51
29,HydroRoR,DE73,0.51
29,HydroRoR,DE80,0.51
29,HydroRoR,DE91,0.51
29,HydroRoR,DE92,0.51
29,HydroRoR,DEA1,0.51
29,HydroRoR,DEA2,0.51
29,HydroRoR,DEA4,0.51
29,HydroRoR,DEA5,0.51
29,HydroRoR,DEB1,0.51
29,HydroRoR,DEB2,0.51
29,HydroRoR,DEB3,0.51
29,HydroRoR,DED2,0.51
29,HydroRoR,DED4,0.51
29,HydroRoR,DED5,0.51
29,HydroRoR,DEE0,0.51
29,HydroRoR,DEG0,0.51
29,HydroRoR,EL52,0.61
29,HydroRoR,EL54,0.61
29,HydroRoR,EL63,0.61
29,HydroRoR,EL64,0.61
29,HydroRoR,ES24,0.6
29,HydroRoR,ES51,0.6
29,HydroRoR,FI19,0.35
29,HydroRoR,FI1B,0.35
29,HydroRoR,FI1C,0.35
29,HydroRoR,FI1D,0.35
29,HydroRoR,FRC2,0.45
29,HydroRoR,FRF1,0.45
29,HydroRoR,FRI1,0.45
29,HydroRoR,FRI2,0.45
29,HydroRoR,FRJ1,0.45
29,HydroRoR,FRJ2,0.45
29,HydroRoR,FRK2,0.45
29,HydroRoR,FRL0,0.45
29,HydroRoR,HR02,1.0
29,HydroRoR,HR03,1.0
29,HydroRoR,HU22,0.68
29,HydroRoR,HU31,0.68
29,HydroRoR,HU32,0.68
29,HydroRoR,IE04,0.68
29,HydroRoR,IE05,0.68
29,HydroRoR,IE06,0.68
29,HydroRoR,ITC1,0.56
29,HydroRoR,ITC2,0.56
29,HydroRoR,ITC3,0.56
29,HydroRoR,ITC4,0.56
29,HydroRoR,ITF1,0.56
29,HydroRoR,ITF2,0.56
29,HydroRoR,ITF3,0.56
29,HydroRoR,ITF6,0.56
29,HydroRoR,ITG1,0.56
29,HydroRoR,ITG2,0.56
29,HydroRoR,ITH1,0.56
29,HydroRoR,ITH2,0.56
29,HydroRoR,ITH3,0.56
29,HydroRoR,ITH4,0.56
29,HydroRoR,ITH5,0.56
29,HydroRoR,ITI1,0.56
29,HydroRoR,ITI2,0.56
29,HydroRoR,ITI3,0.56
29,HydroRoR,ITI4,0.56
29,HydroRoR,LV00,0.24
29,HydroRoR,PL21,0.34
29,HydroRoR,PL51,0.34
29,HydroRoR,PL61,0.34
29,HydroRoR,PT11,1.0
29,HydroRoR,PT16,1.0
29,HydroRoR,PT18,1.0
29,HydroRoR,RO11,0.6
29,HydroRoR,RO12,0.6
29,HydroRoR,RO21,0.6
29,HydroRoR,RO22,0.6
29,HydroRoR,RO31,0.6
29,HydroRoR,RO41,0.6
29,HydroRoR,RO42,0.6
29,HydroRoR,SE23,0.4
29,HydroRoR,SE31,0.4
29,HydroRoR,SE32,0.4
29,HydroRoR,SE33,0.4
29,HydroRoR,SI03,0.72
29,HydroRoR,SI04,0.72
29,HydroRoR,SK01,0.12
29,HydroRoR,SK02,0.12
29,HydroRoR,SK03,0.12
29,HydroRoR,UKL1,0.51
29,HydroRoR,UKM6,0.51
29,HydroRoR,UKM7,0.51
29,HydroRoR,UKM9,0.51
30,HydroRoR,AT12,0.24
30,HydroRoR,AT13,0.24
30,HydroRoR,AT21,0.24
30,HydroRoR,AT22,0.24
30,HydroRoR,AT31,0.24
30,HydroRoR,AT32,0.24
30,HydroRoR,AT33,0.24
30,HydroRoR,AT34,0.24
30,HydroRoR,BE33,0.54
30,HydroRoR,BE35,0.54
30,HydroRoR,BG34,0.15
30,HydroRoR,CH01,0.13
30,HydroRoR,CH02,0.13
30,HydroRoR,CH03,0.13
30,HydroRoR,CH04,0.13
30,HydroRoR,CH05,0.13
30,HydroRoR,CH06,0.13
30,HydroRoR,CH07,0.13
30,HydroRoR,CZ02,0.24
30,HydroRoR,CZ04,0.24
30,HydroRoR,DE11,0.51
30,HydroRoR,DE12,0.51
30,HydroRoR,DE13,0.51
30,HydroRoR,DE14,0.51
30,HydroRoR,DE21,0.51
30,HydroRoR,DE22,0.51
30,HydroRoR,DE23,0.51
30,HydroRoR,DE24,0.51
30,HydroRoR,DE25,0.51
30,HydroRoR,DE26,0.51
30,HydroRoR,DE27,0.51
30,HydroRoR,DE40,0.51
30,HydroRoR,DE50,0.51
30,HydroRoR,DE60,0.51
30,HydroRoR,DE71,0.51
30,HydroRoR,DE72,0.51
30,HydroRoR,DE73,0.51
30,HydroRoR,DE80,0.51
30,HydroRoR,DE91,0.51
30,HydroRoR,DE92,0.51
30,HydroRoR,DEA1,0.51
30,HydroRoR,DEA2,0.51
30,HydroRoR,DEA4,0.51
30,HydroRoR,DEA5,0.51
30,HydroRoR,DEB1,0.51
30,HydroRoR,DEB2,0.51
30,HydroRoR,DEB3,0.51
30,HydroRoR,DED2,0.51
30,HydroRoR,DED4,0.51
30,HydroRoR,DED5,0.51
30,HydroRoR,DEE0,0.51
30,HydroRoR,DEG0,0.51
30,HydroRoR,EL52,0.62
30,HydroRoR,EL54,0.62
30,HydroRoR,EL63,0.62
30,HydroRoR,EL64,0.62
30,HydroRoR,ES24,0.6
30,HydroRoR,ES51,0.6
30,HydroRoR,FI19,0.35
30,HydroRoR,FI1B,0.35
30,HydroRoR,FI1C,0.35
30,HydroRoR,FI1D,0.35
30,HydroRoR,FRC2,0.44
30,HydroRoR,FRF1,0.44
30,HydroRoR,FRI1,0.44
30,HydroRoR,FRI2,0.44
30,HydroRoR,FRJ1,0.44
30,HydroRoR,FRJ2,0.44
30,HydroRoR,FRK2,0.44
30,HydroRoR,FRL0,0.44
30,HydroRoR,HR02,1.0
30,HydroRoR,HR03,1.0
30,HydroRoR,HU22,0.66
30,HydroRoR,HU31,0.66
30,HydroRoR,HU32,0.66
30,HydroRoR,IE04,0.68
30,HydroRoR,IE05,0.68
30,HydroRoR,IE06,0.68
30,HydroRoR,ITC1,0.55
30,HydroRoR,ITC2,0.55
30,HydroRoR,ITC3,0.55
30,HydroRoR,ITC4,0.55
30,HydroRoR,ITF1,0.55
30,HydroRoR,ITF2,0.55
30,HydroRoR,ITF3,0.55
30,HydroRoR,ITF6,0.55
30,HydroRoR,ITG1,0.55
30,HydroRoR,ITG2,0.55
30,HydroRoR,ITH1,0.55
30,HydroRoR,ITH2,0.55
30,HydroRoR,ITH3,0.55
30,HydroRoR,ITH4,0.55
30,HydroRoR,ITH5,0.55
30,HydroRoR,ITI1,0.55
30,HydroRoR,ITI2,0.55
30,HydroRoR,ITI3,0.55
30,HydroRoR,ITI4,0.55
30,HydroRoR,LV00,0.24
30,HydroRoR,PL21,0.34
30,HydroRoR,PL51,0.34
30,HydroRoR,PL61,0.34
30,HydroRoR,PT11,1.0
30,HydroRoR,PT16,1.0
30,HydroRoR,PT18,1.0
30,HydroRoR,RO11,0.59
30,HydroRoR,RO12,0.59
30,HydroRoR,RO21,0.59
30,HydroRoR,RO22,0.59
30,HydroRoR,RO31,0.59
30,HydroRoR,RO41,0.59
30,HydroRoR,RO42,0.59
30,HydroRoR,SE23,0.4
30,HydroRoR,SE31,0.4
30,HydroRoR,SE32,0.4
30,HydroRoR,SE33,0.4
30,HydroRoR,SI03,0.72
30,HydroRoR,SI04,0.72
30,HydroRoR,SK01,0.12
30,HydroRoR,SK02,0.12
30,HydroRoR,SK03,0.12
30,HydroRoR,UKL1,0.51
30,HydroRoR,UKM6,0.51
30,HydroRoR,UKM7,0.51
30,HydroRoR,UKM9,0.51
31,HydroRoR,AT12,0.23
31,HydroRoR,AT13,0.23
31,HydroRoR,AT21,0.23
31,HydroRoR,AT22,0.23
31,HydroRoR,AT31,0.23
31,HydroRoR,AT32,0.23
31,HydroRoR,AT33,0.23
31,HydroRoR,AT34,0.23
31,HydroRoR,BE33,0.54
31,HydroRoR,BE35,0.54
31,HydroRoR,BG34,0.16
31,HydroRoR,CH01,0.13
31,HydroRoR,CH02,0.13
31,HydroRoR,CH03,0.13
31,HydroRoR,CH04,0.13
31,HydroRoR,CH05,0.13
31,HydroRoR,CH06,0.13
31,HydroRoR,CH07,0.13
31,HydroRoR,CZ02,0.24
31,HydroRoR,CZ04,0.24
31,HydroRoR,DE11,0.51
31,HydroRoR,DE12,0.51
31,HydroRoR,DE13,0.51
31,HydroRoR,DE14,0.51
31,HydroRoR,DE21,0.51
31,HydroRoR,DE22,0.51
31,HydroRoR,DE23,0.51
31,HydroRoR,DE24,0.51
31,HydroRoR,DE25,0.51
31,HydroRoR,DE26,0.51
31,HydroRoR,DE27,0.51
31,HydroRoR,DE40,0.51
31,HydroRoR,DE50,0.51
31,HydroRoR,DE60,0.51
31,HydroRoR,DE71,0.51
31,HydroRoR,DE72,0.51
31,HydroRoR,DE73,0.51
31,HydroRoR,DE80,0.51
31,HydroRoR,DE91,0.51
31,HydroRoR,DE92,0.51
31,HydroRoR,DEA1,0.51
31,HydroRoR,DEA2,0.51
31,HydroRoR,DEA4,0.51
31,HydroRoR,DEA5,0.51
31,HydroRoR,DEB1,0.51
31,HydroRoR,DEB2,0.51
31,HydroRoR,DEB3,0.51
31,HydroRoR,DED2,0.51
31,HydroRoR,DED4,0.51
31,HydroRoR,DED5,0.51
31,HydroRoR,DEE0,0.51
31,HydroRoR,DEG0,0.51
31,HydroRoR,EL52,0.63
31,HydroRoR,EL54,0.63
31,HydroRoR,EL63,0.63
31,HydroRoR,EL64,0.63
31,HydroRoR,ES24,0.6
31,HydroRoR,ES51,0.6
31,HydroRoR,FI19,0.35
31,HydroRoR,FI1B,0.35
31,HydroRoR,FI1C,0.35
31,HydroRoR,FI1D,0.35
31,HydroRoR,FRC2,0.43
31,HydroRoR,FRF1,0.43
31,HydroRoR,FRI1,0.43
31,HydroRoR,FRI2,0.43
31,HydroRoR,FRJ1,0.43
31,HydroRoR,FRJ2,0.43
31,HydroRoR,FRK2,0.43
31,HydroRoR,FRL0,0.43
31,HydroRoR,HR02,1.0
31,HydroRoR,HR03,1.0
31,HydroRoR,HU22,0.64
31,HydroRoR,HU31,0.64
31,HydroRoR,HU32,0.64
31,HydroRoR,IE04,0.68
31,HydroRoR,IE05,0.68
31,HydroRoR,IE06,0.68
31,HydroRoR,ITC1,0.54
31,HydroRoR,ITC2,0.54
31,HydroRoR,ITC3,0.54
31,HydroRoR,ITC4,0.54
31,HydroRoR,ITF1,0.54
31,HydroRoR,ITF2,0.54
31,HydroRoR,ITF3,0.54
31,HydroRoR,ITF6,0.54
31,HydroRoR,ITG1,0.54
31,HydroRoR,ITG2,0.54
31,HydroRoR,ITH1,0.54
31,HydroRoR,ITH2,0.54
31,HydroRoR,ITH3,0.54
31,HydroRoR,ITH4,0.54
31,HydroRoR,ITH5,0.54
31,HydroRoR,ITI1,0.54
31,HydroRoR,ITI2,0.54
31,HydroRoR,ITI3,0.54
31,HydroRoR,ITI4,0.54
31,HydroRoR,LV00,0.24
31,HydroRoR,PL21,0.34
31,HydroRoR,PL51,0.34
31,HydroRoR,PL61,0.34
31,HydroRoR,PT11,1.0
31,HydroRoR,PT16,1.0
31,HydroRoR,PT18,1.0
31,HydroRoR,RO11,0.58
31,HydroRoR,RO12,0.58
31,HydroRoR,RO21,0.58
31,HydroRoR,RO22,0.58
31,HydroRoR,RO31,0.58
31,HydroRoR,RO41,0.58
31,HydroRoR,RO42,0.58
31,HydroRoR,SE23,0.4
31,HydroRoR,SE31,0.4
31,HydroRoR,SE32,0.4
31,HydroRoR,SE33,0.4
31,HydroRoR,SI03,0.73
31,HydroRoR,SI04,0.73
31,HydroRoR,SK01,0.12
31,HydroRoR,SK02,0.12
31,HydroRoR,SK03,0.12
31,HydroRoR,UKL1,0.51
31,HydroRoR,UKM6,0.51
31,HydroRoR,UKM7,0.51
31,HydroRoR,UKM9,0.51
32,HydroRoR,AT12,0.23
32,HydroRoR,AT13,0.23
32,HydroRoR,AT21,0.23
32,HydroRoR,AT22,0.23
32,HydroRoR,AT31,0.23
32,HydroRoR,AT32,0.23
32,HydroRoR,AT33,0.23
32,HydroRoR,AT34,0.23
32,HydroRoR,BE33,0.54
32,HydroRoR,BE35,0.54
32,HydroRoR,BG34,0.16
32,HydroRoR,CH01,0.13
32,HydroRoR,CH02,0.13
32,HydroRoR,CH03,0.13
32,HydroRoR,CH04,0.13
32,HydroRoR,CH05,0.13
32,HydroRoR,CH06,0.13
32,HydroRoR,CH07,0.13
32,HydroRoR,CZ02,0.24
32,HydroRoR,CZ04,0.24
32,HydroRoR,DE11,0.51
32,HydroRoR,DE12,0.51
32,HydroRoR,DE13,0.51
32,HydroRoR,DE14,0.51
32,HydroRoR,DE21,0.51
32,HydroRoR,DE22,0.51
32,HydroRoR,DE23,0.51
32,HydroRoR,DE24,0.51
32,HydroRoR,DE25,0.51
32,HydroRoR,DE26,0.51
32,HydroRoR,DE27,0.51
32,HydroRoR,DE40,0.51
32,HydroRoR,DE50,0.51
32,HydroRoR,DE60,0.51
32,HydroRoR,DE71,0.51
32,HydroRoR,DE72,0.51
32,HydroRoR,DE73,0.51
32,HydroRoR,DE80,0.51
32,HydroRoR,DE91,0.51
32,HydroRoR,DE92,0.51
32,HydroRoR,DEA1,0.51
32,HydroRoR,DEA2,0.51
32,HydroRoR,DEA4,0.51
32,HydroRoR,DEA5,0.51
32,HydroRoR,DEB1,0.51
32,HydroRoR,DEB2,0.51
32,HydroRoR,DEB3,0.51
32,HydroRoR,DED2,0.51
32,HydroRoR,DED4,0.51
32,HydroRoR,DED5,0.51
32,HydroRoR,DEE0,0.51
32,HydroRoR,DEG0,0.51
32,HydroRoR,EL52,0.63
32,HydroRoR,EL54,0.63
32,HydroRoR,EL63,0.63
32,HydroRoR,EL64,0.63
32,HydroRoR,ES24,0.59
32,HydroRoR,ES51,0.59
32,HydroRoR,FI19,0.35
32,HydroRoR,FI1B,0.35
32,HydroRoR,FI1C,0.35
32,HydroRoR,FI1D,0.35
32,HydroRoR,FRC2,0.42
32,HydroRoR,FRF1,0.42
32,HydroRoR,FRI1,0.42
32,HydroRoR,FRI2,0.42
32,HydroRoR,FRJ1,0.42
32,HydroRoR,FRJ2,0.42
32,HydroRoR,FRK2,0.42
32,HydroRoR,FRL0,0.42
32,HydroRoR,HR02,1.0
32,HydroRoR,HR03,1.0
32,HydroRoR,HU22,0.63
32,HydroRoR,HU31,0.63
32,HydroRoR,HU32,0.63
32,HydroRoR,IE04,0.68
32,HydroRoR,IE05,0.68
32,HydroRoR,IE06,0.68
32,HydroRoR,ITC1,0.53
32,HydroRoR,ITC2,0.53
32,HydroRoR,ITC3,0.53
32,HydroRoR,ITC4,0.53
32,HydroRoR,ITF1,0.53
32,HydroRoR,ITF2,0.53
32,HydroRoR,ITF3,0.53
32,HydroRoR,ITF6,0.53
32,HydroRoR,ITG1,0.53
32,HydroRoR,ITG2,0.53
32,HydroRoR,ITH1,0.53
32,HydroRoR,ITH2,0.53
32,HydroRoR,ITH3,0.53
32,HydroRoR,ITH4,0.53
32,HydroRoR,ITH5,0.53
32,HydroRoR,ITI1,0.53
32,HydroRoR,ITI2,0.53
32,HydroRoR,ITI3,0.53
32,HydroRoR,ITI4,0.53
32,HydroRoR,LV00,0.24
32,HydroRoR,PL21,0.34
32,HydroRoR,PL51,0.34
32,HydroRoR,PL61,0.34
32,HydroRoR,PT11,1.0
32,HydroRoR,PT16,1.0
32,HydroRoR,PT18,1.0
32,HydroRoR,RO11,0.57
32,HydroRoR,RO12,0.57
32,HydroRoR,RO21,0.57
32,HydroRoR,RO22,0.57
32,HydroRoR,RO31,0.57
32,HydroRoR,RO41,0.57
32,HydroRoR,RO42,0.57
32,HydroRoR,SE23,0.4
32,HydroRoR,SE31,0.4
32,HydroRoR,SE32,0.4
32,HydroRoR,SE33,0.4
32,HydroRoR,SI03,0.74
32,HydroRoR,SI04,0.74
32,HydroRoR,SK01,0.12
32,HydroRoR,SK02,0.12
32,HydroRoR,SK03,0.12
32,HydroRoR,UKL1,0.51
32,HydroRoR,UKM6,0.51
32,HydroRoR,UKM7,0.51
32,HydroRoR,UKM9,0.51
33,HydroRoR,AT12,0.23
33,HydroRoR,AT13,0.23
33,HydroRoR,AT21,0.23
33,HydroRoR,AT22,0.23
33,HydroRoR,AT31,0.23
33,HydroRoR,AT32,0.23
33,HydroRoR,AT33,0.23
33,HydroRoR,AT34,0.23
33,HydroRoR,BE33,0.54
33,HydroRoR,BE35,0.54
33,HydroRoR,BG34,0.17
33,HydroRoR,CH01,0.13
33,HydroRoR,CH02,0.13
33,HydroRoR,CH03,0.13
33,HydroRoR,CH04,0.13
33,HydroRoR,CH05,0.13
33,HydroRoR,CH06,0.13
33,HydroRoR,CH07,0.13
33,HydroRoR,CZ02,0.24
33,HydroRoR,CZ04,0.24
33,HydroRoR,DE11,0.51
33,HydroRoR,DE12,0.51
33,HydroRoR,DE13,0.51
33,HydroRoR,DE14,0.51
33,HydroRoR,DE21,0.51
33,HydroRoR,DE22,0.51
33,HydroRoR,DE23,0.51
33,HydroRoR,DE24,0.51
33,HydroRoR,DE25,0.51
33,HydroRoR,DE26,0.51
33,HydroRoR,DE27,0.51
33,HydroRoR,DE40,0.51
33,HydroRoR,DE50,0.51
33,HydroRoR,DE60,0.51
33,HydroRoR,DE71,0.51
33,HydroRoR,DE72,0.51
33,HydroRoR,DE73,0.51
33,HydroRoR,DE80,0.51
33,HydroRoR,DE91,0.51
33,HydroRoR,DE92,0.51
33,HydroRoR,DEA1,0.51
33,HydroRoR,DEA2,0.51
33,HydroRoR,DEA4,0.51
33,HydroRoR,DEA5,0.51
33,HydroRoR,DEB1,0.51
33,HydroRoR,DEB2,0.51
33,HydroRoR,DEB3,0.51
33,HydroRoR,DED2,0.51
33,HydroRoR,DED4,0.51
33,HydroRoR,DED5,0.51
33,HydroRoR,DEE0,0.51
33,HydroRoR,DEG0,0.51
33,HydroRoR,EL52,0.64
33,HydroRoR,EL54,0.64
33,HydroRoR,EL63,0.64
33,HydroRoR,EL64,0.64
33,HydroRoR,ES24,0.59
33,HydroRoR,ES51,0.59
33,HydroRoR,FI19,0.35
33,HydroRoR,FI1B,0.35
33,HydroRoR,FI1C,0.35
33,HydroRoR,FI1D,0.35
33,HydroRoR,FRC2,0.42
33,HydroRoR,FRF1,0.42
33,HydroRoR,FRI1,0.42
33,HydroRoR,FRI2,0.42
33,HydroRoR,FRJ1,0.42
33,HydroRoR,FRJ2,0.42
33,HydroRoR,FRK2,0.42
33,HydroRoR,FRL0,0.42
33,HydroRoR,HR02,1.0
33,HydroRoR,HR03,1.0
33,HydroRoR,HU22,0.61
33,HydroRoR,HU31,0.61
33,HydroRoR,HU32,0.61
33,HydroRoR,IE04,0.68
33,HydroRoR,IE05,0.68
33,HydroRoR,IE06,0.68
33,HydroRoR,ITC1,0.53
33,HydroRoR,ITC2,0.53
33,HydroRoR,ITC3,0.53
33,HydroRoR,ITC4,0.53
33,HydroRoR,ITF1,0.53
33,HydroRoR,ITF2,0.53
33,HydroRoR,ITF3,0.53
33,HydroRoR,ITF6,0.53
33,HydroRoR,ITG1,0.53
33,HydroRoR,ITG2,0.53
33,HydroRoR,ITH1,0.53
33,HydroRoR,ITH2,0.53
33,HydroRoR,ITH3,0.53
33,HydroRoR,ITH4,0.53
33,HydroRoR,ITH5,0.53
33,HydroRoR,ITI1,0.53
33,HydroRoR,ITI2,0.53
33,HydroRoR,ITI3,0.53
33,HydroRoR,ITI4,0.53
33,HydroRoR,LV00,0.24
33,HydroRoR,PL21,0.34
33,HydroRoR,PL51,0.34
33,HydroRoR,PL61,0.34
33,HydroRoR,PT11,1.0
33,HydroRoR,PT16,1.0
33,HydroRoR,PT18,1.0
33,HydroRoR,RO11,0.56
33,HydroRoR,RO12,0.56
33,HydroRoR,RO21,0.56
33,HydroRoR,RO22,0.56
33,HydroRoR,RO31,0.56
33,HydroRoR,RO41,0.56
33,HydroRoR,RO42,0.56
33,HydroRoR,SE23,0.4
33,HydroRoR,SE31,0.4
33,HydroRoR,SE32,0.4
33,HydroRoR,SE33,0.4
33,HydroRoR,SI03,0.75
33,HydroRoR,SI04,0.75
33,HydroRoR,SK01,0.12
33,HydroRoR,SK02,0.12
33,HydroRoR,SK03,0.12
33,HydroRoR,UKL1,0.51
33,HydroRoR,UKM6,0.51
33,HydroRoR,UKM7,0.51
33,HydroRoR,UKM9,0.51
34,HydroRoR,AT12,0.23
34,HydroRoR,AT13,0.23
34,HydroRoR,AT21,0.23
34,HydroRoR,AT22,0.23
34,HydroRoR,AT31,0.23
34,HydroRoR,AT32,0.23
34,HydroRoR,AT33,0.23
34,HydroRoR,AT34,0.23
34,HydroRoR,BE33,0.54
34,HydroRoR,BE35,0.54
34,HydroRoR,BG34,0.17
34,HydroRoR,CH01,0.13
34,HydroRoR,CH02,0.13
34,HydroRoR,CH03,0.13
34,HydroRoR,CH04,0.13
34,HydroRoR,CH05,0.13
34,HydroRoR,CH06,0.13
34,HydroRoR,CH07,0.13
34,HydroRoR,CZ02,0.23
34,HydroRoR,CZ04,0.23
34,HydroRoR,DE11,0.51
34,HydroRoR,DE12,0.51
34,HydroRoR,DE13,0.51
34,HydroRoR,DE14,0.51
34,HydroRoR,DE21,0.51
34,HydroRoR,DE22,0.51
34,HydroRoR,DE23,0.51
34,HydroRoR,DE24,0.51
34,HydroRoR,DE25,0.51
34,HydroRoR,DE26,0.51
34,HydroRoR,DE27,0.51
34,HydroRoR,DE40,0.51
34,HydroRoR,DE50,0.51
34,HydroRoR,DE60,0.51
34,HydroRoR,DE71,0.51
34,HydroRoR,DE72,0.51
34,HydroRoR,DE73,0.51
34,HydroRoR,DE80,0.51
34,HydroRoR,DE91,0.51
34,HydroRoR,DE92,0.51
34,HydroRoR,DEA1,0.51
34,HydroRoR,DEA2,0.51
34,HydroRoR,DEA4,0.51
34,HydroRoR,DEA5,0.51
34,HydroRoR,DEB1,0.51
34,HydroRoR,DEB2,0.51
34,HydroRoR,DEB3,0.51
34,HydroRoR,DED2,0.51
34,HydroRoR,DED4,0.51
34,HydroRoR,DED5,0.51
34,HydroRoR,DEE0,0.51
34,HydroRoR,DEG0,0.51
34,HydroRoR,EL52,0.65
34,HydroRoR,EL54,0.65
34,HydroRoR,EL63,0.65
34,HydroRoR,EL64,0.65
34,HydroRoR,ES24,0.59
34,HydroRoR,ES51,0.59
34,HydroRoR,FI19,0.35
34,HydroRoR,FI1B,0.35
34,HydroRoR,FI1C,0.35
34,HydroRoR,FI1D,0.35
34,HydroRoR,FRC2,0.41
34,HydroRoR,FRF1,0.41
34,HydroRoR,FRI1,0.41
34,HydroRoR,FRI2,0.41
34,HydroRoR,FRJ1,0.41
34,HydroRoR,FRJ2,0.41
34,HydroRoR,FRK2,0.41
34,HydroRoR,FRL0,0.41
34,HydroRoR,HR02,1.0
34,HydroRoR,HR03,1.0
34,HydroRoR,HU22,0.59
34,HydroRoR,HU31,0.59
34,HydroRoR,HU32,0.59
34,HydroRoR,IE04,0.68
34,HydroRoR,IE05,0.68
34,HydroRoR,IE06,0.68
34,HydroRoR,ITC1,0.52
34,HydroRoR,ITC2,0.52
34,HydroRoR,ITC3,0.52
34,HydroRoR,ITC4,0.52
34,HydroRoR,ITF1,0.52
34,HydroRoR,ITF2,0.52
34,HydroRoR,ITF3,0.52
34,HydroRoR,ITF6,0.52
34,HydroRoR,ITG1,0.52
34,HydroRoR,ITG2,0.52
34,HydroRoR,ITH1,0.52
34,HydroRoR,ITH2,0.52
34,HydroRoR,ITH3,0.52
34,HydroRoR,ITH4,0.52
34,HydroRoR,ITH5,0.52
34,HydroRoR,ITI1,0.52
34,HydroRoR,ITI2,0.52
34,HydroRoR,ITI3,0.52
34,HydroRoR,ITI4,0.52
34,HydroRoR,LV00,0.24
34,HydroRoR,PL21,0.34
34,HydroRoR,PL51,0.34
34,HydroRoR,PL61,0.34
34,HydroRoR,PT11,1.0
34,HydroRoR,PT16,1.0
34,HydroRoR,PT18,1.0
34,HydroRoR,RO11,0.55
34,HydroRoR,RO12,0.55
34,HydroRoR,RO21,0.55
34,HydroRoR,RO22,0.55
34,HydroRoR,RO31,0.55
34,HydroRoR,RO41,0.55
34,HydroRoR,RO42,0.55
34,HydroRoR,SE23,0.4
34,HydroRoR,SE31,0.4
34,HydroRoR,SE32,0.4
34,HydroRoR,SE33,0.4
34,HydroRoR,SI03,0.75
34,HydroRoR,SI04,0.75
34,HydroRoR,SK01,0.11
34,HydroRoR,SK02,0.11
34,HydroRoR,SK03,0.11
34,HydroRoR,UKL1,0.51
34,HydroRoR,UKM6,0.51
34,HydroRoR,UKM7,0.51
34,HydroRoR,UKM9,0.51
35,HydroRoR,AT12,0.23
35,HydroRoR,AT13,0.23
35,HydroRoR,AT21,0.23
35,HydroRoR,AT22,0.23
35,HydroRoR,AT31,0.23
35,HydroRoR,AT32,0.23
35,HydroRoR,AT33,0.23
35,HydroRoR,AT34,0.23
35,HydroRoR,BE33,0.54
35,HydroRoR,BE35,0.54
35,HydroRoR,BG34,0.17
35,HydroRoR,CH01,0.13
35,HydroRoR,CH02,0.13
35,HydroRoR,CH03,0.13
35,HydroRoR,CH04,0.13
35,HydroRoR,CH05,0.13
35,HydroRoR,CH06,0.13
35,HydroRoR,CH07,0.13
35,HydroRoR,CZ02,0.23
35,HydroRoR,CZ04,0.23
35,HydroRoR,DE11,0.51
35,HydroRoR,DE12,0.51
35,HydroRoR,DE13,0.51
35,HydroRoR,DE14,0.51
35,HydroRoR,DE21,0.51
35,HydroRoR,DE22,0.51
35,HydroRoR,DE23,0.51
35,HydroRoR,DE24,0.51
35,HydroRoR,DE25,0.51
35,HydroRoR,DE26,0.51
35,HydroRoR,DE27,0.51
35,HydroRoR,DE40,0.51
35,HydroRoR,DE50,0.51
35,HydroRoR,DE60,0.51
35,HydroRoR,DE71,0.51
35,HydroRoR,DE72,0.51
35,HydroRoR,DE73,0.51
35,HydroRoR,DE80,0.51
35,HydroRoR,DE91,0.51
35,HydroRoR,DE92,0.51
35,HydroRoR,DEA1,0.51
35,HydroRoR,DEA2,0.51
35,HydroRoR,DEA4,0.51
35,HydroRoR,DEA5,0.51
35,HydroRoR,DEB1,0.51
35,HydroRoR,DEB2,0.51
35,HydroRoR,DEB3,0.51
35,HydroRoR,DED2,0.51
35,HydroRoR,DED4,0.51
35,HydroRoR,DED5,0.51
35,HydroRoR,DEE0,0.51
35,HydroRoR,DEG0,0.51
35,HydroRoR,EL52,0.66
35,HydroRoR,EL54,0.66
35,HydroRoR,EL63,0.66
35,HydroRoR,EL64,0.66
35,HydroRoR,ES24,0.59
35,HydroRoR,ES51,0.59
35,HydroRoR,FI19,0.35
35,HydroRoR,FI1B,0.35
35,HydroRoR,FI1C,0.35
35,HydroRoR,FI1D,0.35
35,HydroRoR,FRC2,0.41
35,HydroRoR,FRF1,0.41
35,HydroRoR,FRI1,0.41
35,HydroRoR,FRI2,0.41
35,HydroRoR,FRJ1,0.41
35,HydroRoR,FRJ2,0.41
35,HydroRoR,FRK2,0.41
35,HydroRoR,FRL0,0.41
35,HydroRoR,HR02,1.0
35,HydroRoR,HR03,1.0
35,HydroRoR,HU22,0.58
35,HydroRoR,HU31,0.58
35,HydroRoR,HU32,0.58
35,HydroRoR,IE04,0.68
35,HydroRoR,IE05,0.68
35,HydroRoR,IE06,0.68
35,HydroRoR,ITC1,0.51
35,HydroRoR,ITC2,0.51
35,HydroRoR,ITC3,0.51
35,HydroRoR,ITC4,0.51
35,HydroRoR,ITF1,0.51
35,HydroRoR,ITF2,0.51
35,HydroRoR,ITF3,0.51
35,HydroRoR,ITF6,0.51
35,HydroRoR,ITG1,0.51
35,HydroRoR,ITG2,0.51
35,HydroRoR,ITH1,0.51
35,HydroRoR,ITH2,0.51
35,HydroRoR,ITH3,0.51
35,HydroRoR,ITH4,0.51
35,HydroRoR,ITH5,0.51
35,HydroRoR,ITI1,0.51
35,HydroRoR,ITI2,0.51
35,HydroRoR,ITI3,0.51
35,HydroRoR,ITI4,0.51
35,HydroRoR,LV00,0.24
35,HydroRoR,PL21,0.33
35,HydroRoR,PL51,0.33
35,HydroRoR,PL61,0.33
35,HydroRoR,PT11,1.0
35,HydroRoR,PT16,1.0
35,HydroRoR,PT18,1.0
35,HydroRoR,RO11,0.54
35,HydroRoR,RO12,0.54
35,HydroRoR,RO21,0.54
35,HydroRoR,RO22,0.54
35,HydroRoR,RO31,0.54
35,HydroRoR,RO41,0.54
35,HydroRoR,RO42,0.54
35,HydroRoR,SE23,0.4
35,HydroRoR,SE31,0.4
35,HydroRoR,SE32,0.4
35,HydroRoR,SE33,0.4
35,HydroRoR,SI03,0.75
35,HydroRoR,SI04,0.75
35,HydroRoR,SK01,0.11
35,HydroRoR,SK02,0.11
35,HydroRoR,SK03,0.11
35,HydroRoR,UKL1,0.51
35,HydroRoR,UKM6,0.51
35,HydroRoR,UKM7,0.51
35,HydroRoR,UKM9,0.51
36,HydroRoR,AT12,0.23
36,HydroRoR,AT13,0.23
36,HydroRoR,AT21,0.23
36,HydroRoR,AT22,0.23
36,HydroRoR,AT31,0.23
36,HydroRoR,AT32,0.23
36,HydroRoR,AT33,0.23
36,HydroRoR,AT34,0.23
36,HydroRoR,BE33,0.54
36,HydroRoR,BE35,0.54
36,HydroRoR,BG34,0.17
36,HydroRoR,CH01,0.13
36,HydroRoR,CH02,0.13
36,HydroRoR,CH03,0.13
36,HydroRoR,CH04,0.13
36,HydroRoR,CH05,0.13
36,HydroRoR,CH06,0.13
36,HydroRoR,CH07,0.13
36,HydroRoR,CZ02,0.23
36,HydroRoR,CZ04,0.23
36,HydroRoR,DE11,0.51
36,HydroRoR,DE12,0.51
36,HydroRoR,DE13,0.51
36,HydroRoR,DE14,0.51
36,HydroRoR,DE21,0.51
36,HydroRoR,DE22,0.51
36,HydroRoR,DE23,0.51
36,HydroRoR,DE24,0.51
36,HydroRoR,DE25,0.51
36,HydroRoR,DE26,0.51
36,HydroRoR,DE27,0.51
36,HydroRoR,DE40,0.51
36,HydroRoR,DE50,0.51
36,HydroRoR,DE60,0.51
36,HydroRoR,DE71,0.51
36,HydroRoR,DE72,0.51
36,HydroRoR,DE73,0.51
36,HydroRoR,DE80,0.51
36,HydroRoR,DE91,0.51
36,HydroRoR,DE92,0.51
36,HydroRoR,DEA1,0.51
36,HydroRoR,DEA2,0.51
36,HydroRoR,DEA4,0.51
36,HydroRoR,DEA5,0.51
36,HydroRoR,DEB1,0.51
36,HydroRoR,DEB2,0.51
36,HydroRoR,DEB3,0.51
36,HydroRoR,DED2,0.51
36,HydroRoR,DED4,0.51
36,HydroRoR,DED5,0.51
36,HydroRoR,DEE0,0.51
36,HydroRoR,DEG0,0.51
36,HydroRoR,EL52,0.67
36,HydroRoR,EL54,0.67
36,HydroRoR,EL63,0.67
36,HydroRoR,EL64,0.67
36,HydroRoR,ES24,0.59
36,HydroRoR,ES51,0.59
36,HydroRoR,FI19,0.35
36,HydroRoR,FI1B,0.35
36,HydroRoR,FI1C,0.35
36,HydroRoR,FI1D,0.35
36,HydroRoR,FRC2,0.4
36,HydroRoR,FRF1,0.4
36,HydroRoR,FRI1,0.4
36,HydroRoR,FRI2,0.4
36,HydroRoR,FRJ1,0.4
36,HydroRoR,FRJ2,0.4
36,HydroRoR,FRK2,0.4
36,HydroRoR,FRL0,0.4
36,HydroRoR,HR02,1.0
36,HydroRoR,HR03,1.0
36,HydroRoR,HU22,0.56
36,HydroRoR,HU31,0.56
36,HydroRoR,HU32,0.56
36,HydroRoR,IE04,0.68
36,HydroRoR,IE05,0.68
36,HydroRoR,IE06,0.68
36,HydroRoR,ITC1,0.51
36,HydroRoR,ITC2,0.51
36,HydroRoR,ITC3,0.51
36,HydroRoR,ITC4,0.51
36,HydroRoR,ITF1,0.51
36,HydroRoR,ITF2,0.51
36,HydroRoR,ITF3,0.51
36,HydroRoR,ITF6,0.51
36,HydroRoR,ITG1,0.51
36,HydroRoR,ITG2,0.51
36,HydroRoR,ITH1,0.51
36,HydroRoR,ITH2,0.51
36,HydroRoR,ITH3,0.51
36,HydroRoR,ITH4,0.51
36,HydroRoR,ITH5,0.51
36,HydroRoR,ITI1,0.51
36,HydroRoR,ITI2,0.51
36,HydroRoR,ITI3,0.51
36,HydroRoR,ITI4,0.51
36,HydroRoR,LV00,0.23
36,HydroRoR,PL21,0.33
36,HydroRoR,PL51,0.33
36,HydroRoR,PL61,0.33
36,HydroRoR,PT11,1.0
36,HydroRoR,PT16,1.0
36,HydroRoR,PT18,1.0
36,HydroRoR,RO11,0.53
36,HydroRoR,RO12,0.53
36,HydroRoR,RO21,0.53
36,HydroRoR,RO22,0.53
36,HydroRoR,RO31,0.53
36,HydroRoR,RO41,0.53
36,HydroRoR,RO42,0.53
36,HydroRoR,SE23,0.4
36,HydroRoR,SE31,0.4
36,HydroRoR,SE32,0.4
36,HydroRoR,SE33,0.4
36,HydroRoR,SI03,0.75
36,HydroRoR,SI04,0.75
36,HydroRoR,SK01,0.11
36,HydroRoR,SK02,0.11
36,HydroRoR,SK03,0.11
36,HydroRoR,UKL1,0.51
36,HydroRoR,UKM6,0.51
36,HydroRoR,UKM7,0.51
36,HydroRoR,UKM9,0.51
37,HydroRoR,AT12,0.23
37,HydroRoR,AT13,0.23
37,HydroRoR,AT21,0.23
37,HydroRoR,AT22,0.23
37,HydroRoR,AT31,0.23
37,HydroRoR,AT32,0.23
37,HydroRoR,AT33,0.23
37,HydroRoR,AT34,0.23
37,HydroRoR,BE33,0.55
37,HydroRoR,BE35,0.55
37,HydroRoR,BG34,0.18
37,HydroRoR,CH01,0.13
37,HydroRoR,CH02,0.13
37,HydroRoR,CH03,0.13
37,HydroRoR,CH04,0.13
37,HydroRoR,CH05,0.13
37,HydroRoR,CH06,0.13
37,HydroRoR,CH07,0.13
37,HydroRoR,CZ02,0.23
37,HydroRoR,CZ04,0.23
37,HydroRoR,DE11,0.51
37,HydroRoR,DE12,0.51
37,HydroRoR,DE13,0.51
37,HydroRoR,DE14,0.51
37,HydroRoR,DE21,0.51
37,HydroRoR,DE22,0.51
37,HydroRoR,DE23,0.51
37,HydroRoR,DE24,0.51
37,HydroRoR,DE25,0.51
37,HydroRoR,DE26,0.51
37,HydroRoR,DE27,0.51
37,HydroRoR,DE40,0.51
37,HydroRoR,DE50,0.51
37,HydroRoR,DE60,0.51
37,HydroRoR,DE71,0.51
37,HydroRoR,DE72,0.51
37,HydroRoR,DE73,0.51
37,HydroRoR,DE80,0.51
37,HydroRoR,DE91,0.51
37,HydroRoR,DE92,0.51
37,HydroRoR,DEA1,0.51
37,HydroRoR,DEA2,0.51
37,HydroRoR,DEA4,0.51
37,HydroRoR,DEA5,0.51
37,HydroRoR,DEB1,0.51
37,HydroRoR,DEB2,0.51
37,HydroRoR,DEB3,0.51
37,HydroRoR,DED2,0.51
37,HydroRoR,DED4,0.51
37,HydroRoR,DED5,0.51
37,HydroRoR,DEE0,0.51
37,HydroRoR,DEG0,0.51
37,HydroRoR,EL52,0.68
37,HydroRoR,EL54,0.68
37,HydroRoR,EL63,0.68
37,HydroRoR,EL64,0.68
37,HydroRoR,ES24,0.59
37,HydroRoR,ES51,0.59
37,HydroRoR,FI19,0.35
37,HydroRoR,FI1B,0.35
37,HydroRoR,FI1C,0.35
37,HydroRoR,FI1D,0.35
37,HydroRoR,FRC2,0.4
37,HydroRoR,FRF1,0.4
37,HydroRoR,FRI1,0.4
37,HydroRoR,FRI2,0.4
37,HydroRoR,FRJ1,0.4
37,HydroRoR,FRJ2,0.4
37,HydroRoR,FRK2,0.4
37,HydroRoR,FRL0,0.4
37,HydroRoR,HR02,1.0
37,HydroRoR,HR03,1.0
37,HydroRoR,HU22,0.55
37,HydroRoR,HU31,0.55
37,HydroRoR,HU32,0.55
37,HydroRoR,IE04,0.68
37,HydroRoR,IE05,0.68
37,HydroRoR,IE06,0.68
37,HydroRoR,ITC1,0.5
37,HydroRoR,ITC2,0.5
37,HydroRoR,ITC3,0.5
37,HydroRoR,ITC4,0.5
37,HydroRoR,ITF1,0.5
37,HydroRoR,ITF2,0.5
37,HydroRoR,ITF3,0.5
37,HydroRoR,ITF6,0.5
37,HydroRoR,ITG1,0.5
37,HydroRoR,ITG2,0.5
37,HydroRoR,ITH1,0.5
37,HydroRoR,ITH2,0.5
37,HydroRoR,ITH3,0.5
37,HydroRoR,ITH4,0.5
37,HydroRoR,ITH5,0.5
37,HydroRoR,ITI1,0.5
37,HydroRoR,ITI2,0.5
37,HydroRoR,ITI3,0.5
37,HydroRoR,ITI4,0.5
37,HydroRoR,LV00,0.23
37,HydroRoR,PL21,0.33
37,HydroRoR,PL51,0.33
37,HydroRoR,PL61,0.33
37,HydroRoR,PT11,1.0
37,HydroRoR,PT16,1.0
37,HydroRoR,PT18,1.0
37,HydroRoR,RO11,0.52
37,HydroRoR,RO12,0.52
37,HydroRoR,RO21,0.52
37,HydroRoR,RO22,0.52
37,HydroRoR,RO31,0.52
37,HydroRoR,RO41,0.52
37,HydroRoR,RO42,0.52
37,HydroRoR,SE23,0.4
37,HydroRoR,SE31,0.4
37,HydroRoR,SE32,0.4
37,HydroRoR,SE33,0.4
37,HydroRoR,SI03,0.75
37,HydroRoR,SI04,0.75
37,HydroRoR,SK01,0.11
37,HydroRoR,SK02,0.11
37,HydroRoR,SK03,0.11
37,HydroRoR,UKL1,0.51
37,HydroRoR,UKM6,0.51
37,HydroRoR,UKM7,0.51
37,HydroRoR,UKM9,0.51
38,HydroRoR,AT12,0.23
38,HydroRoR,AT13,0.23
38,HydroRoR,AT21,0.23
38,HydroRoR,AT22,0.23
38,HydroRoR,AT31,0.23
38,HydroRoR,AT32,0.23
38,HydroRoR,AT33,0.23
38,HydroRoR,AT34,0.23
38,HydroRoR,BE33,0.55
38,HydroRoR,BE35,0.55
38,HydroRoR,BG34,0.18
38,HydroRoR,CH01,0.13
38,HydroRoR,CH02,0.13
38,HydroRoR,CH03,0.13
38,HydroRoR,CH04,0.13
38,HydroRoR,CH05,0.13
38,HydroRoR,CH06,0.13
38,HydroRoR,CH07,0.13
38,HydroRoR,CZ02,0.23
38,HydroRoR,CZ04,0.23
38,HydroRoR,DE11,0.51
38,HydroRoR,DE12,0.51
38,HydroRoR,DE13,0.51
38,HydroRoR,DE14,0.51
38,HydroRoR,DE21,0.51
38,HydroRoR,DE22,0.51
38,HydroRoR,DE23,0.51
38,HydroRoR,DE24,0.51
38,HydroRoR,DE25,0.51
38,HydroRoR,DE26,0.51
38,HydroRoR,DE27,0.51
38,HydroRoR,DE40,0.51
38,HydroRoR,DE50,0.51
38,HydroRoR,DE60,0.51
38,HydroRoR,DE71,0.51
38,HydroRoR,DE72,0.51
38,HydroRoR,DE73,0.51
38,HydroRoR,DE80,0.51
38,HydroRoR,DE91,0.51
38,HydroRoR,DE92,0.51
38,HydroRoR,DEA1,0.51
38,HydroRoR,DEA2,0.51
38,HydroRoR,DEA4,0.51
38,HydroRoR,DEA5,0.51
38,HydroRoR,DEB1,0.51
38,HydroRoR,DEB2,0.51
38,HydroRoR,DEB3,0.51
38,HydroRoR,DED2,0.51
38,HydroRoR,DED4,0.51
38,HydroRoR,DED5,0.51
38,HydroRoR,DEE0,0.51
38,HydroRoR,DEG0,0.51
38,HydroRoR,EL52,0.68
38,HydroRoR,EL54,0.68
38,HydroRoR,EL63,0.68
38,HydroRoR,EL64,0.68
38,HydroRoR,ES24,0.59
38,HydroRoR,ES51,0.59
38,HydroRoR,FI19,0.35
38,HydroRoR,FI1B,0.35
38,HydroRoR,FI1C,0.35
38,HydroRoR,FI1D,0.35
38,HydroRoR,FRC2,0.39
38,HydroRoR,FRF1,0.39
38,HydroRoR,FRI1,0.39
38,HydroRoR,FRI2,0.39
38,HydroRoR,FRJ1,0.39
38,HydroRoR,FRJ2,0.39
38,HydroRoR,FRK2,0.39
38,HydroRoR,FRL0,0.39
38,HydroRoR,HR02,1.0
38,HydroRoR,HR03,1.0
38,HydroRoR,HU22,0.54
38,HydroRoR,HU31,0.54
38,HydroRoR,HU32,0.54
38,HydroRoR,IE04,0.68
38,HydroRoR,IE05,0.68
38,HydroRoR,IE06,0.68
38,HydroRoR,ITC1,0.5
38,HydroRoR,ITC2,0.5
38,HydroRoR,ITC3,0.5
38,HydroRoR,ITC4,0.5
38,HydroRoR,ITF1,0.5
38,HydroRoR,ITF2,0.5
38,HydroRoR,ITF3,0.5
38,HydroRoR,ITF6,0.5
38,HydroRoR,ITG1,0.5
38,HydroRoR,ITG2,0.5
38,HydroRoR,ITH1,0.5
38,HydroRoR,ITH2,0.5
38,HydroRoR,ITH3,0.5
38,HydroRoR,ITH4,0.5
38,HydroRoR,ITH5,0.5
38,HydroRoR,ITI1,0.5
38,HydroRoR,ITI2,0.5
38,HydroRoR,ITI3,0.5
38,HydroRoR,ITI4,0.5
38,HydroRoR,LV00,0.23
38,HydroRoR,PL21,0.33
38,HydroRoR,PL51,0.33
38,HydroRoR,PL61,0.33
38,HydroRoR,PT11,1.0
38,HydroRoR,PT16,1.0
38,HydroRoR,PT18,1.0
38,HydroRoR,RO11,0.51
38,HydroRoR,RO12,0.51
38,HydroRoR,RO21,0.51
38,HydroRoR,RO22,0.51
38,HydroRoR,RO31,0.51
38,HydroRoR,RO41,0.51
38,HydroRoR,RO42,0.51
38,HydroRoR,SE23,0.4
38,HydroRoR,SE31,0.4
38,HydroRoR,SE32,0.4
38,HydroRoR,SE33,0.4
38,HydroRoR,SI03,0.75
38,HydroRoR,SI04,0.75
38,HydroRoR,SK01,0.11
38,HydroRoR,SK02,0.11
38,HydroRoR,SK03,0.11
38,HydroRoR,UKL1,0.51
38,HydroRoR,UKM6,0.51
38,HydroRoR,UKM7,0.51
38,HydroRoR,UKM9,0.51
39,HydroRoR,AT12,0.23
39,HydroRoR,AT13,0.23
39,HydroRoR,AT21,0.23
39,HydroRoR,AT22,0.23
39,HydroRoR,AT31,0.23
39,HydroRoR,AT32,0.23
39,HydroRoR,AT33,0.23
39,HydroRoR,AT34,0.23
39,HydroRoR,BE33,0.55
39,HydroRoR,BE35,0.55
39,HydroRoR,BG34,0.18
39,HydroRoR,CH01,0.13
39,HydroRoR,CH02,0.13
39,HydroRoR,CH03,0.13
39,HydroRoR,CH04,0.13
39,HydroRoR,CH05,0.13
39,HydroRoR,CH06,0.13
39,HydroRoR,CH07,0.13
39,HydroRoR,CZ02,0.23
39,HydroRoR,CZ04,0.23
39,HydroRoR,DE11,0.51
39,HydroRoR,DE12,0.51
39,HydroRoR,DE13,0.51
39,HydroRoR,DE14,0.51
39,HydroRoR,DE21,0.51
39,HydroRoR,DE22,0.51
39,HydroRoR,DE23,0.51
39,HydroRoR,DE24,0.51
39,HydroRoR,DE25,0.51
39,HydroRoR,DE26,0.51
39,HydroRoR,DE27,0.51
39,HydroRoR,DE40,0.51
39,HydroRoR,DE50,0.51
39,HydroRoR,DE60,0.51
39,HydroRoR,DE71,0.51
39,HydroRoR,DE72,0.51
39,HydroRoR,DE73,0.51
39,HydroRoR,DE80,0.51
39,HydroRoR,DE91,0.51
39,HydroRoR,DE92,0.51
39,HydroRoR,DEA1,0.51
39,HydroRoR,DEA2,0.51
39,HydroRoR,DEA4,0.51
39,HydroRoR,DEA5,0.51
39,HydroRoR,DEB1,0.51
39,HydroRoR,DEB2,0.51
39,HydroRoR,DEB3,0.51
39,HydroRoR,DED2,0.51
39,HydroRoR,DED4,0.51
39,HydroRoR,DED5,0.51
39,HydroRoR,DEE0,0.51
39,HydroRoR,DEG0,0.51
39,HydroRoR,EL52,0.69
39,HydroRoR,EL54,0.69
39,HydroRoR,EL63,0.69
39,HydroRoR,EL64,0.69
39,HydroRoR,ES24,0.59
39,HydroRoR,ES51,0.59
39,HydroRoR,FI19,0.34
39,HydroRoR,FI1B,0.34
39,HydroRoR,FI1C,0.34
39,HydroRoR,FI1D,0.34
39,HydroRoR,FRC2,0.39
39,HydroRoR,FRF1,0.39
39,HydroRoR,FRI1,0.39
39,HydroRoR,FRI2,0.39
39,HydroRoR,FRJ1,0.39
39,HydroRoR,FRJ2,0.39
39,HydroRoR,FRK2,0.39
39,HydroRoR,FRL0,0.39
39,HydroRoR,HR02,1.0
39,HydroRoR,HR03,1.0
39,HydroRoR,HU22,0.53
39,HydroRoR,HU31,0.53
39,HydroRoR,HU32,0.53
39,HydroRoR,IE04,0.68
39,HydroRoR,IE05,0.68
39,HydroRoR,IE06,0.68
39,HydroRoR,ITC1,0.49
39,HydroRoR,ITC2,0.49
39,HydroRoR,ITC3,0.49
39,HydroRoR,ITC4,0.49
39,HydroRoR,ITF1,0.49
39,HydroRoR,ITF2,0.49
39,HydroRoR,ITF3,0.49
39,HydroRoR,ITF6,0.49
39,HydroRoR,ITG1,0.49
39,HydroRoR,ITG2,0.49
39,HydroRoR,ITH1,0.49
39,HydroRoR,ITH2,0.49
39,HydroRoR,ITH3,0.49
39,HydroRoR,ITH4,0.49
39,HydroRoR,ITH5,0.49
39,HydroRoR,ITI1,0.49
39,HydroRoR,ITI2,0.49
39,HydroRoR,ITI3,0.49
39,HydroRoR,ITI4,0.49
39,HydroRoR,LV00,0.23
39,HydroRoR,PL21,0.33
39,HydroRoR,PL51,0.33
39,HydroRoR,PL61,0.33
39,HydroRoR,PT11,1.0
39,HydroRoR,PT16,1.0
39,HydroRoR,PT18,1.0
39,HydroRoR,RO11,0.5
39,HydroRoR,RO12,0.5
39,HydroRoR,RO21,0.5
39,HydroRoR,RO22,0.5
39,HydroRoR,RO31,0.5
39,HydroRoR,RO41,0.5
39,HydroRoR,RO42,0.5
39,HydroRoR,SE23,0.4
39,HydroRoR,SE31,0.4
39,HydroRoR,SE32,0.4
39,HydroRoR,SE33,0.4
39,HydroRoR,SI03,0.74
39,HydroRoR,SI04,0.74
39,HydroRoR,SK01,0.11
39,HydroRoR,SK02,0.11
39,HydroRoR,SK03,0.11
39,HydroRoR,UKL1,0.51
39,HydroRoR,UKM6,0.51
39,HydroRoR,UKM7,0.51
39,HydroRoR,UKM9,0.51
40,HydroRoR,AT12,0.23
40,HydroRoR,AT13,0.23
40,HydroRoR,AT21,0.23
40,HydroRoR,AT22,0.23
40,HydroRoR,AT31,0.23
40,HydroRoR,AT32,0.23
40,HydroRoR,AT33,0.23
40,HydroRoR,AT34,0.23
40,HydroRoR,BE33,0.55
40,HydroRoR,BE35,0.55
40,HydroRoR,BG34,0.18
40,HydroRoR,CH01,0.13
40,HydroRoR,CH02,0.13
40,HydroRoR,CH03,0.13
40,HydroRoR,CH04,0.13
40,HydroRoR,CH05,0.13
40,HydroRoR,CH06,0.13
40,HydroRoR,CH07,0.13
40,HydroRoR,CZ02,0.23
40,HydroRoR,CZ04,0.23
40,HydroRoR,DE11,0.5
40,HydroRoR,DE12,0.5
40,HydroRoR,DE13,0.5
40,HydroRoR,DE14,0.5
40,HydroRoR,DE21,0.5
40,HydroRoR,DE22,0.5
40,HydroRoR,DE23,0.5
40,HydroRoR,DE24,0.5
40,HydroRoR,DE25,0.5
40,HydroRoR,DE26,0.5
40,HydroRoR,DE27,0.5
40,HydroRoR,DE40,0.5
40,HydroRoR,DE50,0.5
40,HydroRoR,DE60,0.5
40,HydroRoR,DE71,0.5
40,HydroRoR,DE72,0.5
40,HydroRoR,DE73,0.5
40,HydroRoR,DE80,0.5
40,HydroRoR,DE91,0.5
40,HydroRoR,DE92,0.5
40,HydroRoR,DEA1,0.5
40,HydroRoR,DEA2,0.5
40,HydroRoR,DEA4,0.5
40,HydroRoR,DEA5,0.5
40,HydroRoR,DEB1,0.5
40,HydroRoR,DEB2,0.5
40,HydroRoR,DEB3,0.5
40,HydroRoR,DED2,0.5
40,HydroRoR,DED4,0.5
40,HydroRoR,DED5,0.5
40,HydroRoR,DEE0,0.5
40,HydroRoR,DEG0,0.5
40,HydroRoR,EL52,0.69
40,HydroRoR,EL54,0.69
40,HydroRoR,EL63,0.69
40,HydroRoR,EL64,0.69
40,HydroRoR,ES24,0.59
40,HydroRoR,ES51,0.59
40,HydroRoR,FI19,0.34
40,HydroRoR,FI1B,0.34
40,HydroRoR,FI1C,0.34
40,HydroRoR,FI1D,0.34
40,HydroRoR,FRC2,0.38
40,HydroRoR,FRF1,0.38
40,HydroRoR,FRI1,0.38
40,HydroRoR,FRI2,0.38
40,HydroRoR,FRJ1,0.38
40,HydroRoR,FRJ2,0.38
40,HydroRoR,FRK2,0.38
40,HydroRoR,FRL0,0.38
40,HydroRoR,HR02,1.0
40,HydroRoR,HR03,1.0
40,HydroRoR,HU22,0.52
40,HydroRoR,HU31,0.52
40,HydroRoR,HU32,0.52
40,HydroRoR,IE04,0.68
40,HydroRoR,IE05,0.68
40,HydroRoR,IE06,0.68
40,HydroRoR,ITC1,0.49
40,HydroRoR,ITC2,0.49
40,HydroRoR,ITC3,0.49
40,HydroRoR,ITC4,0.49
40,HydroRoR,ITF1,0.49
40,HydroRoR,ITF2,0.49
40,HydroRoR,ITF3,0.49
40,HydroRoR,ITF6,0.49
40,HydroRoR,ITG1,0.49
40,HydroRoR,ITG2,0.49
40,HydroRoR,ITH1,0.49
40,HydroRoR,ITH2,0.49
40,HydroRoR,ITH3,0.49
40,HydroRoR,ITH4,0.49
40,HydroRoR,ITH5,0.49
40,HydroRoR,ITI1,0.49
40,HydroRoR,ITI2,0.49
40,HydroRoR,ITI3,0.49
40,HydroRoR,ITI4,0.49
40,HydroRoR,LV00,0.23
40,HydroRoR,PL21,0.33
40,HydroRoR,PL51,0.33
40,HydroRoR,PL61,0.33
40,HydroRoR,PT11,1.0
40,HydroRoR,PT16,1.0
40,HydroRoR,PT18,1.0
40,HydroRoR,RO11,0.49
40,HydroRoR,RO12,0.49
40,HydroRoR,RO21,0.49
40,HydroRoR,RO22,0.49
40,HydroRoR,RO31,0.49
40,HydroRoR,RO41,0.49
40,HydroRoR,RO42,0.49
40,HydroRoR,SE23,0.4
40,HydroRoR,SE31,0.4
40,HydroRoR,SE32,0.4
40,HydroRoR,SE33,0.4
40,HydroRoR,SI03,0.74
40,HydroRoR,SI04,0.74
40,HydroRoR,SK01,0.11
40,HydroRoR,SK02,0.11
40,HydroRoR,SK03,0.11
40,HydroRoR,UKL1,0.51
40,HydroRoR,UKM6,0.51
40,HydroRoR,UKM7,0.51
40,HydroRoR,UKM9,0.51
41,HydroRoR,AT12,0.23
41,HydroRoR,AT13,0.23
41,HydroRoR,AT21,0.23
41,HydroRoR,AT22,0.23
41,HydroRoR,AT31,0.23
41,HydroRoR,AT32,0.23
41,HydroRoR,AT33,0.23
41,HydroRoR,AT34,0.23
41,HydroRoR,BE33,0.55
41,HydroRoR,BE35,0.55
41,HydroRoR,BG34,0.18
41,HydroRoR,CH01,0.13
41,HydroRoR,CH02,0.13
41,HydroRoR,CH03,0.13
41,HydroRoR,CH04,0.13
41,HydroRoR,CH05,0.13
41,HydroRoR,CH06,0.13
41,HydroRoR,CH07,0.13
41,HydroRoR,CZ02,0.23
41,HydroRoR,CZ04,0.23
41,HydroRoR,DE11,0.5
41,HydroRoR,DE12,0.5
41,HydroRoR,DE13,0.5
41,HydroRoR,DE14,0.5
41,HydroRoR,DE21,0.5
41,HydroRoR,DE22,0.5
41,HydroRoR,DE23,0.5
41,HydroRoR,DE24,0.5
41,HydroRoR,DE25,0.5
41,HydroRoR,DE26,0.5
41,HydroRoR,DE27,0.5
41,HydroRoR,DE40,0.5
41,HydroRoR,DE50,0.5
41,HydroRoR,DE60,0.5
41,HydroRoR,DE71,0.5
41,HydroRoR,DE72,0.5
41,HydroRoR,DE73,0.5
41,HydroRoR,DE80,0.5
41,HydroRoR,DE91,0.5
41,HydroRoR,DE92,0.5
41,HydroRoR,DEA1,0.5
41,HydroRoR,DEA2,0.5
41,HydroRoR,DEA4,0.5
41,HydroRoR,DEA5,0.5
41,HydroRoR,DEB1,0.5
41,HydroRoR,DEB2,0.5
41,HydroRoR,DEB3,0.5
41,HydroRoR,DED2,0.5
41,HydroRoR,DED4,0.5
41,HydroRoR,DED5,0.5
41,HydroRoR,DEE0,0.5
41,HydroRoR,DEG0,0.5
41,HydroRoR,EL52,0.69
41,HydroRoR,EL54,0.69
41,HydroRoR,EL63,0.69
41,HydroRoR,EL64,0.69
41,HydroRoR,ES24,0.59
41,HydroRoR,ES51,0.59
41,HydroRoR,FI19,0.34
41,HydroRoR,FI1B,0.34
41,HydroRoR,FI1C,0.34
41,HydroRoR,FI1D,0.34
41,HydroRoR,FRC2,0.38
41,HydroRoR,FRF1,0.38
41,HydroRoR,FRI1,0.38
41,HydroRoR,FRI2,0.38
41,HydroRoR,FRJ1,0.38
41,HydroRoR,FRJ2,0.38
41,HydroRoR,FRK2,0.38
41,HydroRoR,FRL0,0.38
41,HydroRoR,HR02,1.0
41,HydroRoR,HR03,1.0
41,HydroRoR,HU22,0.51
41,HydroRoR,HU31,0.51
41,HydroRoR,HU32,0.51
41,HydroRoR,IE04,0.68
41,HydroRoR,IE05,0.68
41,HydroRoR,IE06,0.68
41,HydroRoR,ITC1,0.48
41,HydroRoR,ITC2,0.48
41,HydroRoR,ITC3,0.48
41,HydroRoR,ITC4,0.48
41,HydroRoR,ITF1,0.48
41,HydroRoR,ITF2,0.48
41,HydroRoR,ITF3,0.48
41,HydroRoR,ITF6,0.48
41,HydroRoR,ITG1,0.48
41,HydroRoR,ITG2,0.48
41,HydroRoR,ITH1,0.48
41,HydroRoR,ITH2,0.48
41,HydroRoR,ITH3,0.48
41,HydroRoR,ITH4,0.48
41,HydroRoR,ITH5,0.48
41,HydroRoR,ITI1,0.48
41,HydroRoR,ITI2,0.48
41,HydroRoR,ITI3,0.48
41,HydroRoR,ITI4,0.48
41,HydroRoR,LV00,0.23
41,HydroRoR,PL21,0.33
41,HydroRoR,PL51,0.33
41,HydroRoR,PL61,0.33
41,HydroRoR,PT11,1.0
41,HydroRoR,PT16,1.0
41,HydroRoR,PT18,1.0
41,HydroRoR,RO11,0.49
41,HydroRoR,RO12,0.49
41,HydroRoR,RO21,0.49
41,HydroRoR,RO22,0.49
41,HydroRoR,RO31,0.49
41,HydroRoR,RO41,0.49
41,HydroRoR,RO42,0.49
41,HydroRoR,SE23,0.4
41,HydroRoR,SE31,0.4
41,HydroRoR,SE32,0.4
41,HydroRoR,SE33,0.4
41,HydroRoR,SI03,0.73
41,HydroRoR,SI04,0.73
41,HydroRoR,SK01,0.11
41,HydroRoR,SK02,0.11
41,HydroRoR,SK03,0.11
41,HydroRoR,UKL1,0.51
41,HydroRoR,UKM6,0.51
41,HydroRoR,UKM7,0.51
41,HydroRoR,UKM9,0.51
42,HydroRoR,AT12,0.23
42,HydroRoR,AT13,0.23
42,HydroRoR,AT21,0.23
42,HydroRoR,AT22,0.23
42,HydroRoR,AT31,0.23
42,HydroRoR,AT32,0.23
42,HydroRoR,AT33,0.23
42,HydroRoR,AT34,0.23
42,HydroRoR,BE33,0.55
42,HydroRoR,BE35,0.55
42,HydroRoR,BG34,0.18
42,HydroRoR,CH01,0.13
42,HydroRoR,CH02,0.13
42,HydroRoR,CH03,0.13
42,HydroRoR,CH04,0.13
42,HydroRoR,CH05,0.13
42,HydroRoR,CH06,0.13
42,HydroRoR,CH07,0.13
42,HydroRoR,CZ02,0.23
42,HydroRoR,CZ04,0.23
42,HydroRoR,DE11,0.5
42,HydroRoR,DE12,0.5
42,HydroRoR,DE13,0.5
42,HydroRoR,DE14,0.5
42,HydroRoR,DE21,0.5
42,HydroRoR,DE22,0.5
42,HydroRoR,DE23,0.5
42,HydroRoR,DE24,0.5
42,HydroRoR,DE25,0.5
42,HydroRoR,DE26,0.5
42,HydroRoR,DE27,0.5
42,HydroRoR,DE40,0.5
42,HydroRoR,DE50,0.5
42,HydroRoR,DE60,0.5
42,HydroRoR,DE71,0.5
42,HydroRoR,DE72,0.5
42,HydroRoR,DE73,0.5
42,HydroRoR,DE80,0.5
42,HydroRoR,DE91,0.5
42,HydroRoR,DE92,0.5
42,HydroRoR,DEA1,0.5
42,HydroRoR,DEA2,0.5
42,HydroRoR,DEA4,0.5
42,HydroRoR,DEA5,0.5
42,HydroRoR,DEB1,0.5
42,HydroRoR,DEB2,0.5
42,HydroRoR,DEB3,0.5
42,HydroRoR,DED2,0.5
42,HydroRoR,DED4,0.5
42,HydroRoR,DED5,0.5
42,HydroRoR,DEE0,0.5
42,HydroRoR,DEG0,0.5
42,HydroRoR,EL52,0.68
42,HydroRoR,EL54,0.68
42,HydroRoR,EL63,0.68
42,HydroRoR,EL64,0.68
42,HydroRoR,ES24,0.59
42,HydroRoR,ES51,0.59
42,HydroRoR,FI19,0.34
42,HydroRoR,FI1B,0.34
42,HydroRoR,FI1C,0.34
42,HydroRoR,FI1D,0.34
42,HydroRoR,FRC2,0.38
42,HydroRoR,FRF1,0.38
42,HydroRoR,FRI1,0.38
42,HydroRoR,FRI2,0.38
42,HydroRoR,FRJ1,0.38
42,HydroRoR,FRJ2,0.38
42,HydroRoR,FRK2,0.38
42,HydroRoR,FRL0,0.38
42,HydroRoR,HR02,1.0
42,HydroRoR,HR03,1.0
42,HydroRoR,HU22,0.5
42,HydroRoR,HU31,0.5
42,HydroRoR,HU32,0.5
42,HydroRoR,IE04,0.68
42,HydroRoR,IE05,0.68
42,HydroRoR,IE06,0.68
42,HydroRoR,ITC1,0.48
42,HydroRoR,ITC2,0.48
42,HydroRoR,ITC3,0.48
42,HydroRoR,ITC4,0.48
42,HydroRoR,ITF1,0.48
42,HydroRoR,ITF2,0.48
42,HydroRoR,ITF3,0.48
42,HydroRoR,ITF6,0.48
42,HydroRoR,ITG1,0.48
42,HydroRoR,ITG2,0.48
42,HydroRoR,ITH1,0.48
42,HydroRoR,ITH2,0.48
42,HydroRoR,ITH3,0.48
42,HydroRoR,ITH4,0.48
42,HydroRoR,ITH5,0.48
42,HydroRoR,ITI1,0.48
42,HydroRoR,ITI2,0.48
42,HydroRoR,ITI3,0.48
42,HydroRoR,ITI4,0.48
42,HydroRoR,LV00,0.23
42,HydroRoR,PL21,0.33
42,HydroRoR,PL51,0.33
42,HydroRoR,PL61,0.33
42,HydroRoR,PT11,1.0
42,HydroRoR,PT16,1.0
42,HydroRoR,PT18,1.0
42,HydroRoR,RO11,0.48
42,HydroRoR,RO12,0.48
42,HydroRoR,RO21,0.48
42,HydroRoR,RO22,0.48
42,HydroRoR,RO31,0.48
42,HydroRoR,RO41,0.48
42,HydroRoR,RO42,0.48
42,HydroRoR,SE23,0.4
42,HydroRoR,SE31,0.4
42,HydroRoR,SE32,0.4
42,HydroRoR,SE33,0.4
42,HydroRoR,SI03,0.73
42,HydroRoR,SI04,0.73
42,HydroRoR,SK01,0.11
42,HydroRoR,SK02,0.11
42,HydroRoR,SK03,0.11
42,HydroRoR,UKL1,0.51
42,HydroRoR,UKM6,0.51
42,HydroRoR,UKM7,0.51
42,HydroRoR,UKM9,0.51
43,HydroRoR,AT12,0.23
43,HydroRoR,AT13,0.23
43,HydroRoR,AT21,0.23
43,HydroRoR,AT22,0.23
43,HydroRoR,AT31,0.23
43,HydroRoR,AT32,0.23
43,HydroRoR,AT33,0.23
43,HydroRoR,AT34,0.23
43,HydroRoR,BE33,0.55
43,HydroRoR,BE35,0.55
43,HydroRoR,BG34,0.18
43,HydroRoR,CH01,0.13
43,HydroRoR,CH02,0.13
43,HydroRoR,CH03,0.13
43,HydroRoR,CH04,0.13
43,HydroRoR,CH05,0.13
43,HydroRoR,CH06,0.13
43,HydroRoR,CH07,0.13
43,HydroRoR,CZ02,0.23
43,HydroRoR,CZ04,0.23
43,HydroRoR,DE11,0.5
43,HydroRoR,DE12,0.5
43,HydroRoR,DE13,0.5
43,HydroRoR,DE14,0.5
43,HydroRoR,DE21,0.5
43,HydroRoR,DE22,0.5
43,HydroRoR,DE23,0.5
43,HydroRoR,DE24,0.5
43,HydroRoR,DE25,0.5
43,HydroRoR,DE26,0.5
43,HydroRoR,DE27,0.5
43,HydroRoR,DE40,0.5
43,HydroRoR,DE50,0.5
43,HydroRoR,DE60,0.5
43,HydroRoR,DE71,0.5
43,HydroRoR,DE72,0.5
43,HydroRoR,DE73,0.5
43,HydroRoR,DE80,0.5
43,HydroRoR,DE91,0.5
43,HydroRoR,DE92,0.5
43,HydroRoR,DEA1,0.5
43,HydroRoR,DEA2,0.5
43,HydroRoR,DEA4,0.5
43,HydroRoR,DEA5,0.5
43,HydroRoR,DEB1,0.5
43,HydroRoR,DEB2,0.5
43,HydroRoR,DEB3,0.5
43,HydroRoR,DED2,0.5
43,HydroRoR,DED4,0.5
43,HydroRoR,DED5,0.5
43,HydroRoR,DEE0,0.5
43,HydroRoR,DEG0,0.5
43,HydroRoR,EL52,0.68
43,HydroRoR,EL54,0.68
43,HydroRoR,EL63,0.68
43,HydroRoR,EL64,0.68
43,HydroRoR,ES24,0.59
43,HydroRoR,ES51,0.59
43,HydroRoR,FI19,0.34
43,HydroRoR,FI1B,0.34
43,HydroRoR,FI1C,0.34
43,HydroRoR,FI1D,0.34
43,HydroRoR,FRC2,0.37
43,HydroRoR,FRF1,0.37
43,HydroRoR,FRI1,0.37
43,HydroRoR,FRI2,0.37
43,HydroRoR,FRJ1,0.37
43,HydroRoR,FRJ2,0.37
43,HydroRoR,FRK2,0.37
43,HydroRoR,FRL0,0.37
43,HydroRoR,HR02,1.0
43,HydroRoR,HR03,1.0
43,HydroRoR,HU22,0.49
43,HydroRoR,HU31,0.49
43,HydroRoR,HU32,0.49
43,HydroRoR,IE04,0.68
43,HydroRoR,IE05,0.68
43,HydroRoR,IE06,0.68
43,HydroRoR,ITC1,0.47
43,HydroRoR,ITC2,0.47
43,HydroRoR,ITC3,0.47
43,HydroRoR,ITC4,0.47
43,HydroRoR,ITF1,0.47
43,HydroRoR,ITF2,0.47
43,HydroRoR,ITF3,0.47
43,HydroRoR,ITF6,0.47
43,HydroRoR,ITG1,0.47
43,HydroRoR,ITG2,0.47
43,HydroRoR,ITH1,0.47
43,HydroRoR,ITH2,0.47
43,HydroRoR,ITH3,0.47
43,HydroRoR,ITH4,0.47
43,HydroRoR,ITH5,0.47
43,HydroRoR,ITI1,0.47
43,HydroRoR,ITI2,0.47
43,HydroRoR,ITI3,0.47
43,HydroRoR,ITI4,0.47
43,HydroRoR,LV00,0.23
43,HydroRoR,PL21,0.33
43,HydroRoR,PL51,0.33
43,HydroRoR,PL61,0.33
43,HydroRoR,PT11,1.0
43,HydroRoR,PT16,1.0
43,HydroRoR,PT18,1.0
43,HydroRoR,RO11,0.47
43,HydroRoR,RO12,0.47
43,HydroRoR,RO21,0.47
43,HydroRoR,RO22,0.47
43,HydroRoR,RO31,0.47
43,HydroRoR,RO41,0.47
43,HydroRoR,RO42,0.47
43,HydroRoR,SE23,0.4
43,HydroRoR,SE31,0.4
43,HydroRoR,SE32,0.4
43,HydroRoR,SE33,0.4
43,HydroRoR,SI03,0.73
43,HydroRoR,SI04,0.73
43,HydroRoR,SK01,0.11
43,HydroRoR,SK02,0.11
43,HydroRoR,SK03,0.11
43,HydroRoR,UKL1,0.51
43,HydroRoR,UKM6,0.51
43,HydroRoR,UKM7,0.51
43,HydroRoR,UKM9,0.51
44,HydroRoR,AT12,0.23
44,HydroRoR,AT13,0.23
44,HydroRoR,AT21,0.23
44,HydroRoR,AT22,0.23
44,HydroRoR,AT31,0.23
44,HydroRoR,AT32,0.23
44,HydroRoR,AT33,0.23
44,HydroRoR,AT34,0.23
44,HydroRoR,BE33,0.55
44,HydroRoR,BE35,0.55
44,HydroRoR,BG34,0.18
44,HydroRoR,CH01,0.13
44,HydroRoR,CH02,0.13
44,HydroRoR,CH03,0.13
44,HydroRoR,CH04,0.13
44,HydroRoR,CH05,0.13
44,HydroRoR,CH06,0.13
44,HydroRoR,CH07,0.13
44,HydroRoR,CZ02,0.23
44,HydroRoR,CZ04,0.23
44,HydroRoR,DE11,0.5
44,HydroRoR,DE12,0.5
44,HydroRoR,DE13,0.5
44,HydroRoR,DE14,0.5
44,HydroRoR,DE21,0.5
44,HydroRoR,DE22,0.5
44,HydroRoR,DE23,0.5
44,HydroRoR,DE24,0.5
44,HydroRoR,DE25,0.5
44,HydroRoR,DE26,0.5
44,HydroRoR,DE27,0.5
44,HydroRoR,DE40,0.5
44,HydroRoR,DE50,0.5
44,HydroRoR,DE60,0.5
44,HydroRoR,DE71,0.5
44,HydroRoR,DE72,0.5
44,HydroRoR,DE73,0.5
44,HydroRoR,DE80,0.5
44,HydroRoR,DE91,0.5
44,HydroRoR,DE92,0.5
44,HydroRoR,DEA1,0.5
44,HydroRoR,DEA2,0.5
44,HydroRoR,DEA4,0.5
44,HydroRoR,DEA5,0.5
44,HydroRoR,DEB1,0.5
44,HydroRoR,DEB2,0.5
44,HydroRoR,DEB3,0.5
44,HydroRoR,DED2,0.5
44,HydroRoR,DED4,0.5
44,HydroRoR,DED5,0.5
44,HydroRoR,DEE0,0.5
44,HydroRoR,DEG0,0.5
44,HydroRoR,EL52,0.68
44,HydroRoR,EL54,0.68
44,HydroRoR,EL63,0.68
44,HydroRoR,EL64,0.68
44,HydroRoR,ES24,0.59
44,HydroRoR,ES51,0.59
44,HydroRoR,FI19,0.34
44,HydroRoR,FI1B,0.34
44,HydroRoR,FI1C,0.34
44,HydroRoR,FI1D,0.34
44,HydroRoR,FRC2,0.37
44,HydroRoR,FRF1,0.37
44,HydroRoR,FRI1,0.37
44,HydroRoR,FRI2,0.37
44,HydroRoR,FRJ1,0.37
44,HydroRoR,FRJ2,0.37
44,HydroRoR,FRK2,0.37
44,HydroRoR,FRL0,0.37
44,HydroRoR,HR02,1.0
44,HydroRoR,HR03,1.0
44,HydroRoR,HU22,0.48
44,HydroRoR,HU31,0.48
44,HydroRoR,HU32,0.48
44,HydroRoR,IE04,0.68
44,HydroRoR,IE05,0.68
44,HydroRoR,IE06,0.68
44,HydroRoR,ITC1,0.47
44,HydroRoR,ITC2,0.47
44,HydroRoR,ITC3,0.47
44,HydroRoR,ITC4,0.47
44,HydroRoR,ITF1,0.47
44,HydroRoR,ITF2,0.47
44,HydroRoR,ITF3,0.47
44,HydroRoR,ITF6,0.47
44,HydroRoR,ITG1,0.47
44,HydroRoR,ITG2,0.47
44,HydroRoR,ITH1,0.47
44,HydroRoR,ITH2,0.47
44,HydroRoR,ITH3,0.47
44,HydroRoR,ITH4,0.47
44,HydroRoR,ITH5,0.47
44,HydroRoR,ITI1,0.47
44,HydroRoR,ITI2,0.47
44,HydroRoR,ITI3,0.47
44,HydroRoR,ITI4,0.47
44,HydroRoR,LV00,0.23
44,HydroRoR,PL21,0.33
44,HydroRoR,PL51,0.33
44,HydroRoR,PL61,0.33
44,HydroRoR,PT11,1.0
44,HydroRoR,PT16,1.0
44,HydroRoR,PT18,1.0
44,HydroRoR,RO11,0.46
44,HydroRoR,RO12,0.46
44,HydroRoR,RO21,0.46
44,HydroRoR,RO22,0.46
44,HydroRoR,RO31,0.46
44,HydroRoR,RO41,0.46
44,HydroRoR,RO42,0.46
44,HydroRoR,SE23,0.4
44,HydroRoR,SE31,0.4
44,HydroRoR,SE32,0.4
44,HydroRoR,SE33,0.4
44,HydroRoR,SI03,0.72
44,HydroRoR,SI04,0.72
44,HydroRoR,SK01,0.1
44,HydroRoR,SK02,0.1
44,HydroRoR,SK03,0.1
44,HydroRoR,UKL1,0.51
44,HydroRoR,UKM6,0.51
44,HydroRoR,UKM7,0.51
44,HydroRoR,UKM9,0.51
45,HydroRoR,AT12,0.23
45,HydroRoR,AT13,0.23
45,HydroRoR,AT21,0.23
45,HydroRoR,AT22,0.23
45,HydroRoR,AT31,0.23
45,HydroRoR,AT32,0.23
45,HydroRoR,AT33,0.23
45,HydroRoR,AT34,0.23
45,HydroRoR,BE33,0.56
45,HydroRoR,BE35,0.56
45,HydroRoR,BG34,0.18
45,HydroRoR,CH01,0.13
45,HydroRoR,CH02,0.13
45,HydroRoR,CH03,0.13
45,HydroRoR,CH04,0.13
45,HydroRoR,CH05,0.13
45,HydroRoR,CH06,0.13
45,HydroRoR,CH07,0.13
45,HydroRoR,CZ02,0.23
45,HydroRoR,CZ04,0.23
45,HydroRoR,DE11,0.5
45,HydroRoR,DE12,0.5
45,HydroRoR,DE13,0.5
45,HydroRoR,DE14,0.5
45,HydroRoR,DE21,0.5
45,HydroRoR,DE22,0.5
45,HydroRoR,DE23,0.5
45,HydroRoR,DE24,0.5
45,HydroRoR,DE25,0.5
45,HydroRoR,DE26,0.5
45,HydroRoR,DE27,0.5
45,HydroRoR,DE40,0.5
45,HydroRoR,DE50,0.5
45,HydroRoR,DE60,0.5
45,HydroRoR,DE71,0.5
45,HydroRoR,DE72,0.5
45,HydroRoR,DE73,0.5
45,HydroRoR,DE80,0.5
45,HydroRoR,DE91,0.5
45,HydroRoR,DE92,0.5
45,HydroRoR,DEA1,0.5
45,HydroRoR,DEA2,0.5
45,HydroRoR,DEA4,0.5
45,HydroRoR,DEA5,0.5
45,HydroRoR,DEB1,0.5
45,HydroRoR,DEB2,0.5
45,HydroRoR,DEB3,0.5
45,HydroRoR,DED2,0.5
45,HydroRoR,DED4,0.5
45,HydroRoR,DED5,0.5
45,HydroRoR,DEE0,0.5
45,HydroRoR,DEG0,0.5
45,HydroRoR,EL52,0.67
45,HydroRoR,EL54,0.67
45,HydroRoR,EL63,0.67
45,HydroRoR,EL64,0.67
45,HydroRoR,ES24,0.59
45,HydroRoR,ES51,0.59
45,HydroRoR,FI19,0.34
45,HydroRoR,FI1B,0.34
45,HydroRoR,FI1C,0.34
45,HydroRoR,FI1D,0.34
45,HydroRoR,FRC2,0.36
45,HydroRoR,FRF1,0.36
45,HydroRoR,FRI1,0.36
45,HydroRoR,FRI2,0.36
45,HydroRoR,FRJ1,0.36
45,HydroRoR,FRJ2,0.36
45,HydroRoR,FRK2,0.36
45,HydroRoR,FRL0,0.36
45,HydroRoR,HR02,1.0
45,HydroRoR,HR03,1.0
45,HydroRoR,HU22,0.47
45,HydroRoR,HU31,0.47
45,HydroRoR,HU32,0.47
45,HydroRoR,IE04,0.68
45,HydroRoR,IE05,0.68
45,HydroRoR,IE06,0.68
45,HydroRoR,ITC1,0.46
45,HydroRoR,ITC2,0.46
45,HydroRoR,ITC3,0.46
45,HydroRoR,ITC4,0.46
45,HydroRoR,ITF1,0.46
45,HydroRoR,ITF2,0.46
45,HydroRoR,ITF3,0.46
45,HydroRoR,ITF6,0.46
45,HydroRoR,ITG1,0.46
45,HydroRoR,ITG2,0.46
45,HydroRoR,ITH1,0.46
45,HydroRoR,ITH2,0.46
45,HydroRoR,ITH3,0.46
45,HydroRoR,ITH4,0.46
45,HydroRoR,ITH5,0.46
45,HydroRoR,ITI1,0.46
45,HydroRoR,ITI2,0.46
45,HydroRoR,ITI3,0.46
45,HydroRoR,ITI4,0.46
45,HydroRoR,LV00,0.23
45,HydroRoR,PL21,0.32
45,HydroRoR,PL51,0.32
45,HydroRoR,PL61,0.32
45,HydroRoR,PT11,1.0
45,HydroRoR,PT16,1.0
45,HydroRoR,PT18,1.0
45,HydroRoR,RO11,0.45
45,HydroRoR,RO12,0.45
45,HydroRoR,RO21,0.45
45,HydroRoR,RO22,0.45
45,HydroRoR,RO31,0.45
45,HydroRoR,RO41,0.45
45,HydroRoR,RO42,0.45
45,HydroRoR,SE23,0.4
45,HydroRoR,SE31,0.4
45,HydroRoR,SE32,0.4
45,HydroRoR,SE33,0.4
45,HydroRoR,SI03,0.72
45,HydroRoR,SI04,0.72
45,HydroRoR,SK01,0.1
45,HydroRoR,SK02,0.1
45,HydroRoR,SK03,0.1
45,HydroRoR,UKL1,0.51
45,HydroRoR,UKM6,0.51
45,HydroRoR,UKM7,0.51
45,HydroRoR,UKM9,0.51
46,HydroRoR,AT12,0.23
46,HydroRoR,AT13,0.23
46,HydroRoR,AT21,0.23
46,HydroRoR,AT22,0.23
46,HydroRoR,AT31,0.23
46,HydroRoR,AT32,0.23
46,HydroRoR,AT33,0.23
46,HydroRoR,AT34,0.23
46,HydroRoR,BE33,0.56
46,HydroRoR,BE35,0.56
46,HydroRoR,BG34,0.18
46,HydroRoR,CH01,0.13
46,HydroRoR,CH02,0.13
46,HydroRoR,CH03,0.13
46,HydroRoR,CH04,0.13
46,HydroRoR,CH05,0.13
46,HydroRoR,CH06,0.13
46,HydroRoR,CH07,0.13
46,HydroRoR,CZ02,0.23
46,HydroRoR,CZ04,0.23
46,HydroRoR,DE11,0.5
46,HydroRoR,DE12,0.5
46,HydroRoR,DE13,0.5
46,HydroRoR,DE14,0.5
46,HydroRoR,DE21,0.5
46,HydroRoR,DE22,0.5
46,HydroRoR,DE23,0.5
46,HydroRoR,DE24,0.5
46,HydroRoR,DE25,0.5
46,HydroRoR,DE26,0.5
46,HydroRoR,DE27,0.5
46,HydroRoR,DE40,0.5
46,HydroRoR,DE50,0.5
46,HydroRoR,DE60,0.5
46,HydroRoR,DE71,0.5
46,HydroRoR,DE72,0.5
46,HydroRoR,DE73,0.5
46,HydroRoR,DE80,0.5
46,HydroRoR,DE91,0.5
46,HydroRoR,DE92,0.5
46,HydroRoR,DEA1,0.5
46,HydroRoR,DEA2,0.5
46,HydroRoR,DEA4,0.5
46,HydroRoR,DEA5,0.5
46,HydroRoR,DEB1,0.5
46,HydroRoR,DEB2,0.5
46,HydroRoR,DEB3,0.5
46,HydroRoR,DED2,0.5
46,HydroRoR,DED4,0.5
46,HydroRoR,DED5,0.5
46,HydroRoR,DEE0,0.5
46,HydroRoR,DEG0,0.5
46,HydroRoR,EL52,0.67
46,HydroRoR,EL54,0.67
46,HydroRoR,EL63,0.67
46,HydroRoR,EL64,0.67
46,HydroRoR,ES24,0.59
46,HydroRoR,ES51,0.59
46,HydroRoR,FI19,0.34
46,HydroRoR,FI1B,0.34
46,HydroRoR,FI1C,0.34
46,HydroRoR,FI1D,0.34
46,HydroRoR,FRC2,0.36
46,HydroRoR,FRF1,0.36
46,HydroRoR,FRI1,0.36
46,HydroRoR,FRI2,0.36
46,HydroRoR,FRJ1,0.36
46,HydroRoR,FRJ2,0.36
46,HydroRoR,FRK2,0.36
46,HydroRoR,FRL0,0.36
46,HydroRoR,HR02,1.0
46,HydroRoR,HR03,1.0
46,HydroRoR,HU22,0.46
46,HydroRoR,HU31,0.46
46,HydroRoR,HU32,0.46
46,HydroRoR,IE04,0.68
46,HydroRoR,IE05,0.68
46,HydroRoR,IE06,0.68
46,HydroRoR,ITC1,0.46
46,HydroRoR,ITC2,0.46
46,HydroRoR,ITC3,0.46
46,HydroRoR,ITC4,0.46
46,HydroRoR,ITF1,0.46
46,HydroRoR,ITF2,0.46
46,HydroRoR,ITF3,0.46
46,HydroRoR,ITF6,0.46
46,HydroRoR,ITG1,0.46
46,HydroRoR,ITG2,0.46
46,HydroRoR,ITH1,0.46
46,HydroRoR,ITH2,0.46
46,HydroRoR,ITH3,0.46
46,HydroRoR,ITH4,0.46
46,HydroRoR,ITH5,0.46
46,HydroRoR,ITI1,0.46
46,HydroRoR,ITI2,0.46
46,HydroRoR,ITI3,0.46
46,HydroRoR,ITI4,0.46
46,HydroRoR,LV00,0.23
46,HydroRoR,PL21,0.32
46,HydroRoR,PL51,0.32
46,HydroRoR,PL61,0.32
46,HydroRoR,PT11,1.0
46,HydroRoR,PT16,1.0
46,HydroRoR,PT18,1.0
46,HydroRoR,RO11,0.45
46,HydroRoR,RO12,0.45
46,HydroRoR,RO21,0.45
46,HydroRoR,RO22,0.45
46,HydroRoR,RO31,0.45
46,HydroRoR,RO41,0.45
46,HydroRoR,RO42,0.45
46,HydroRoR,SE23,0.4
46,HydroRoR,SE31,0.4
46,HydroRoR,SE32,0.4
46,HydroRoR,SE33,0.4
46,HydroRoR,SI03,0.72
46,HydroRoR,SI04,0.72
46,HydroRoR,SK01,0.1
46,HydroRoR,SK02,0.1
46,HydroRoR,SK03,0.1
46,HydroRoR,UKL1,0.51
46,HydroRoR,UKM6,0.51
46,HydroRoR,UKM7,0.51
46,HydroRoR,UKM9,0.51
47,HydroRoR,AT12,0.23
47,HydroRoR,AT13,0.23
47,HydroRoR,AT21,0.23
47,HydroRoR,AT22,0.23
47,HydroRoR,AT31,0.23
47,HydroRoR,AT32,0.23
47,HydroRoR,AT33,0.23
47,HydroRoR,AT34,0.23
47,HydroRoR,BE33,0.56
47,HydroRoR,BE35,0.56
47,HydroRoR,BG34,0.18
47,HydroRoR,CH01,0.13
47,HydroRoR,CH02,0.13
47,HydroRoR,CH03,0.13
47,HydroRoR,CH04,0.13
47,HydroRoR,CH05,0.13
47,HydroRoR,CH06,0.13
47,HydroRoR,CH07,0.13
47,HydroRoR,CZ02,0.23
47,HydroRoR,CZ04,0.23
47,HydroRoR,DE11,0.5
47,HydroRoR,DE12,0.5
47,HydroRoR,DE13,0.5
47,HydroRoR,DE14,0.5
47,HydroRoR,DE21,0.5
47,HydroRoR,DE22,0.5
47,HydroRoR,DE23,0.5
47,HydroRoR,DE24,0.5
47,HydroRoR,DE25,0.5
47,HydroRoR,DE26,0.5
47,HydroRoR,DE27,0.5
47,HydroRoR,DE40,0.5
47,HydroRoR,DE50,0.5
47,HydroRoR,DE60,0.5
47,HydroRoR,DE71,0.5
47,HydroRoR,DE72,0.5
47,HydroRoR,DE73,0.5
47,HydroRoR,DE80,0.5
47,HydroRoR,DE91,0.5
47,HydroRoR,DE92,0.5
47,HydroRoR,DEA1,0.5
47,HydroRoR,DEA2,0.5
47,HydroRoR,DEA4,0.5
47,HydroRoR,DEA5,0.5
47,HydroRoR,DEB1,0.5
47,HydroRoR,DEB2,0.5
47,HydroRoR,DEB3,0.5
47,HydroRoR,DED2,0.5
47,HydroRoR,DED4,0.5
47,HydroRoR,DED5,0.5
47,HydroRoR,DEE0,0.5
47,HydroRoR,DEG0,0.5
47,HydroRoR,EL52,0.66
47,HydroRoR,EL54,0.66
47,HydroRoR,EL63,0.66
47,HydroRoR,EL64,0.66
47,HydroRoR,ES24,0.59
47,HydroRoR,ES51,0.59
47,HydroRoR,FI19,0.34
47,HydroRoR,FI1B,0.34
47,HydroRoR,FI1C,0.34
47,HydroRoR,FI1D,0.34
47,HydroRoR,FRC2,0.36
47,HydroRoR,FRF1,0.36
47,HydroRoR,FRI1,0.36
47,HydroRoR,FRI2,0.36
47,HydroRoR,FRJ1,0.36
47,HydroRoR,FRJ2,0.36
47,HydroRoR,FRK2,0.36
47,HydroRoR,FRL0,0.36
47,HydroRoR,HR02,1.0
47,HydroRoR,HR03,1.0
47,HydroRoR,HU22,0.45
47,HydroRoR,HU31,0.45
47,HydroRoR,HU32,0.45
47,HydroRoR,IE04,0.68
47,HydroRoR,IE05,0.68
47,HydroRoR,IE06,0.68
47,HydroRoR,ITC1,0.45
47,HydroRoR,ITC2,0.45
47,HydroRoR,ITC3,0.45
47,HydroRoR,ITC4,0.45
47,HydroRoR,ITF1,0.45
47,HydroRoR,ITF2,0.45
47,HydroRoR,ITF3,0.45
47,HydroRoR,ITF6,0.45
47,HydroRoR,ITG1,0.45
47,HydroRoR,ITG2,0.45
47,HydroRoR,ITH1,0.45
47,HydroRoR,ITH2,0.45
47,HydroRoR,ITH3,0.45
47,HydroRoR,ITH4,0.45
47,HydroRoR,ITH5,0.45
47,HydroRoR,ITI1,0.45
47,HydroRoR,ITI2,0.45
47,HydroRoR,ITI3,0.45
47,HydroRoR,ITI4,0.45
47,HydroRoR,LV00,0.23
47,HydroRoR,PL21,0.32
47,HydroRoR,PL51,0.32
47,HydroRoR,PL61,0.32
47,HydroRoR,PT11,1.0
47,HydroRoR,PT16,1.0
47,HydroRoR,PT18,1.0
47,HydroRoR,RO11,0.44
47,HydroRoR,RO12,0.44
47,HydroRoR,RO21,0.44
47,HydroRoR,RO22,0.44
47,HydroRoR,RO31,0.44
47,HydroRoR,RO41,0.44
47,HydroRoR,RO42,0.44
47,HydroRoR,SE23,0.4
47,HydroRoR,SE31,0.4
47,HydroRoR,SE32,0.4
47,HydroRoR,SE33,0.4
47,HydroRoR,SI03,0.72
47,HydroRoR,SI04,0.72
47,HydroRoR,SK01,0.1
47,HydroRoR,SK02,0.1
47,HydroRoR,SK03,0.1
47,HydroRoR,UKL1,0.51
47,HydroRoR,UKM6,0.51
47,HydroRoR,UKM7,0.51
47,HydroRoR,UKM9,0.51
